1995USAMOp3	2.6	A B C = acute_triangle; O = circumcenter A B C; A1 = midpoint B C; B1 = midpoint C A; C1 = midpoint A B; l1 = angle_equal1 A O O A1 A; OA1 = line O A1; A2 = intersection OA1 l1; l2 = angle_equal1 B O O B1 B; OB1 = line O B1; B2 = intersection OB1 l2; l3 = angle_equal1 C O O C1 C; OC1 = line O C1; C2 = intersection OC1 l3; AA2 = line A A2; BB2 = line B B2; P = intersection AA2 BB2; Prove: collinear P C C2
1999USAMOp6	2.1	D A B C = isos_trapezoid; I = incenter B C D; CD = line C D; E = foot I CD; l1 = angle_bisector D A C; l2 = perpendicular_line E CD; F = intersection l1 l2; O1 = circumcenter A C F; (O1) = circle_center_point O1 A; G = intersection (O1) CD; Prove: cong F A F G
20**_11thXueErSiMO	2.5	A B C = triangle; O = circumcenter A B C; l1 = angle_bisector B A C; BC = line B C; D = intersection l1 BC; AD = line A D; P = on_line AD; BP = line B P; AC = line A C; E = intersection BP AC; CP = line C P; AB = line A B; F = intersection CP AB; OA = line O A; l = perpendicular_line A OA; EF = line E F; Q = intersection l EF; PQ = line P Q; Prove: parallel PQ BC
2000USATSTp2	2.3	A B C = triangle; (ABC) = circle A B C; D = on_circle (ABC); AC = line A C; BD = line B D; P = intersection AC BD; AB = line A B; E = foot P AB; CD = line C D; F = foot P CD; M = midpoint A D; N = midpoint B C; EF = line E F; MN = line M N; Prove: perpendicular EF MN
2002CTSTp25	2.5	A B C D = quadrilateral; AB = line A B; CD = line C D; E = intersection AB CD; AD = line A D; BC = line B C; F = intersection AD BC; AC = line A C; BD = line B D; P = intersection AC BD; EF = line E F; O = foot P EF; Prove: equal_angle B O C A O D
2003CHNGaoLian	1.5	(O) = circle; P = outside (O); l1 l2 = tangent P (O); A = intersection l1 (O); B = intersection l2 (O); C = on_circle (O); CP = line C P; D = intersection CP (O); CD = line C D; l3 = angle_equal1 A D C B P; Q = intersection CD l3; Prove: equal_angle D B Q P A C
2003USATSTp6	3.0	A B C = acute_triangle; BC = line B C; H1 = foot A BC; AC = line A C; H2 = foot B AC; AB = line A B; H3 = foot C AB; I = incenter A B C; T1 = foot I BC; T2 = foot I AC; T3 = foot I AB; H1H2 = line H1 H2; (H1) = circle_center_point H1 T1; P1 = intersection H1H2 (H1); H2H3 = line H2 H3; (H2) = circle_center_point H2 T2; P2 = intersection H2H3 (H2); H1H3 = line H1 H3; (H3) = circle_center_point H3 T3; P3 = intersection H1H3 (H3); O1 = circumcenter T1 P1 T2; O2 = circumcenter T2 P2 T3; O3 = circumcenter T3 P3 T1; (O1) = circle_center_point O1 T1; (O2) = circle_center_point O2 T2; X = intersection (O1) (O2); Prove: cong X O3 T3 O3
2004CTSTp1	2.3	A B C = acute_triangle; BC = line B C; H = foot A BC; D = on_line BC; AC = line A C; l1 = parallel_line D AC; O1 = midpoint A B; (O1) = circle_center_point O1 A; E = intersection l1 (O1); AB = line A B; l2 = parallel_line D AB; O2 = midpoint A C; (O2) = circle_center_point O2 A; F = intersection l2 (O2); Prove: concyclic D E F H
2004CTSTp22	4.0	A B C = triangle; BC = line B C; D = foot A BC; AC = line A C; E = on_line AC; l1 = parallel_line E BC; AB = line A B; F = intersection AB l1; D1 = on_line BC; DE = line D E; l2 = parallel_line D1 DE; E1 = intersection AC l2; DF = line D F; l3 = parallel_line D1 DF; F1 = intersection AB l3; l4 = angle_equal1 B C D E F; l5 = angle_equal1 C B D F E; P = intersection l4 l5; EF = line E F; E1F1 = line E1 F1; X = intersection E1F1 EF; Prove: collinear P D1 X
2005CHNSouthEastMOp2	2.6	(O) = circle; O = circumcenter (O); l = line; P = foot O l; Q = on_line l; A B = tangent_point Q (O); OP = line O P; AB = line A B; K = intersection OP AB; BQ = line B Q; M = foot P BQ; AQ = line A Q; N = foot P AQ; X = midpoint K P; Prove: collinear X M N
2005CHNWesternMOp2	1.7	O A B = isos_triangle; OA = line O A; OB = line O B; l1 = perpendicular_line A OA; l2 = perpendicular_line B OB; P = intersection l1 l2; (O) = circle_center_point O A; C = on_circle (O); CP = line C P; D = intersection CP (O); AP = line A P; l3 = parallel_line B AP; AC = line A C; E = intersection l3 AC; AD = line A D; F = intersection l3 AD; Prove: cong B E B F
2005CMOp2	2.3	A B C = triangle; O = point; BC = line B C; D1 = on_line BC; (O) = circle_center_point O D1; D2 = intersection (O) BC; AC = line A C; E1 E2 = intersection (O) AC; AB = line A B; F1 F2 = intersection (O) AB; D1E1 = line D1 E1; D2F2 = line D2 F2; L = intersection D1E1 D2F2; E1F1 = line E1 F1; D2E2 = line D2 E2; M = intersection E1F1 D2E2; D1F1 = line D1 F1; E2F2 = line E2 F2; N = intersection D1F1 E2F2; AL = line A L; BM = line B M; P = intersection AL BM; Prove: collinear C N P
2005CTSTp1	1.8	A B C = triangle; P = point; BC = line B C; D = foot P BC; AC = line A C; E = foot P AC; AB = line A B; F = foot P AB; BP = line B P; M = foot A BP; CP = line C P; N = foot A CP; EM = line E M; FN = line F N; T = intersection EM BC; Prove: collinear F N T
2005CTSTp11b	4.0	A B C = acute_triangle; O = circumcenter A B C; OA = line O A; OB = line O B; OC = line O C; l1 = perpendicular_line A OA; l2 = perpendicular_line B OB; l3 = perpendicular_line C OC; P = intersection l2 l3; Q = intersection l1 l3; R = intersection l1 l2; AP = line A P; BC = line B C; D1 = intersection AP BC; BQ = line B Q; AC = line A C; D2 = intersection BQ AC; CR = line C R; AB = line A B; D3 = intersection CR AB; l4 = parallel_line D1 AB; E1 = intersection l4 AC; l5 = parallel_line D1 AC; F1 = intersection l5 AB; l6 = parallel_line D2 BC; E2 = intersection l6 AB; l7 = parallel_line D2 AB; F2 = intersection l7 BC; l8 = parallel_line D3 AC; E3 = intersection l8 BC; l9 = parallel_line D3 BC; F3 = intersection l9 AC; A1 = circumcenter F1 B C; B1 = circumcenter F2 C A; C1 = circumcenter F3 A B; AA1 = line A A1; BB1 = line B B1; X = intersection AA1 BB1; Prove: collinear X C C1
2005CTSTp19	2.9	A B C = triangle; O = circumcenter A B C; (O) = circle_center_point O A; D = on_circle (O); AC = line A C; BD = line B D; P = intersection AC BD; l1 = perpendicular_bisector P B; O1 = on_line l1; (O1) = circle_center_point O1 P; l2 = perpendicular_bisector P A; O2 = on_line l2; (O2) = circle_center_point O2 P; Q = intersection (O1) (O2); E = intersection (O1) (O); F = intersection (O2) (O); PQ = line P Q; CE = line C E; DF = line D F; X = intersection PQ CE; Prove: collinear X D F
2005G6	3.0	A B C = triangle; M = midpoint B C; I = incenter A B C; BC = line B C; D = foot I BC; (I) = circle_center_point I D; AM = line A M; K = intersection AM (I); L = intersection AM (I); BC = line B C; l1 = parallel_line K BC; X = intersection l1 (I); l2 = parallel_line L BC; Y = intersection l2 (I); AX = line A X; P = intersection AX BC; AY = line A Y; Q = intersection AY BC; Prove: cong B P C Q
2005USAMOp3	1.8	A B C = acute_triangle; BC = line B C; P = on_line BC; Q = on_line BC; AC = line A C; l1 = parallel_line Q AC; (ABP) = circle A B P; C1 = intersection (ABP) l1; AB = line A B; l2 = parallel_line Q AB; (ACP) = circle A C P; B1 = intersection (ACP) l2; Prove: concyclic B1 C1 P Q
2006CGMOp2	2.3	A B C D = quadrilateral; AC = line A C; BD = line B D; O = intersection AC BD; (ADO) = circle A D O; (BCO) = circle B C O; M = intersection (ADO) (BCO); MO = line M O; (ABO) = circle A B O; T = intersection MO (ABO); (CDO) = circle C D O; S = intersection MO (CDO); Prove: midpoint M S T
2006CTSTp19	3.4	A B C = triangle; H = orthocenter A B C; O = circumcenter A B C; (ABC) = circle A B C; D = on_circle (ABC); AD = line A D; l1 = parallel_line B AD; E = intersection (ABC) l1; l2 = parallel_line C AD; F = intersection (ABC) l2; BC = line B C; S = reflect_point_wrt_line D BC; AC = line A C; T = reflect_point_wrt_line E AC; AB = line A B; U = reflect_point_wrt_line F AB; Prove: concyclic S T U H
2006CTSTp5	3.6	A B C = triangle; O = circumcenter A B C; (ABC) = circle_center_point O A; P = point; AP = line A P; A1 = intersection AP (ABC); BP = line B P; B1 = intersection BP (ABC); CP = line C P; C1 = intersection CP (ABC); L = midpoint B C; M = midpoint C A; N = midpoint A B; A2 = reflect A1 L; B2 = reflect B1 M; C2 = reflect C1 N; H = orthocenter A B C; Prove: concyclic H A2 B2 C2
2006CTSTp7	3.0	A B C = triangle; (ABC) = circle A B C; D = on_circle (ABC); O = circumcenter A B C; AC = line A C; BD = line B D; P = intersection AC BD; O1 = circumcenter O A B; O2 = circumcenter O B C; O3 = circumcenter O C D; O4 = circumcenter O D A; O1O3 = line O1 O3; O2O4 = line O2 O4; X = intersection O1O3 O2O4; Prove: collinear O P X
2006G4	3.0	A B C = acute_triangle; AC = line A C; (B) = circle_center_point B A; D = intersection AC (B); I = incenter A B C; AB = line A B; K = foot I AB; L = foot I AC; J = incenter B C D; KL = line K L; AJ = line A J; M = intersection KL AJ; Prove: midpoint M A J
2006G9	3.2	A B C = triangle; BC = line B C; A1 = on_line BC; AC = line A C; B1 = on_line AC; AB = line A B; C1 = on_line AB; O = circumcenter A B C; (ABC) = circle_center_point O A; O1 = circumcenter A B1 C1; (AB1C1) = circle_center_point O1 A; A2 = intersection (ABC) (AB1C1); O2 = circumcenter B C1 A1; (A1BC1) = circle_center_point O2 B; B2 = intersection (ABC) (A1BC1); O3 = circumcenter C A1 B1; (A1B1C) = circle_center_point O3 C; C2 = intersection (ABC) (A1B1C); L = midpoint B C; A3 = reflect A1 L; M = midpoint C A; B3 = reflect B1 M; N = midpoint A B; C3 = reflect C1 N; Prove: similar A2 B2 C2 A3 B3 C3
2006USATSTp6	3.2	A B C = triangle; (A,B) = circle_center_point A B; P = on_circle (A,B); (A,C) = circle_center_point A C; l1 = angle_equal1 A C B A P; Q = intersection (A,C) l1; BQ = line B Q; CP = line C P; R = intersection BQ CP; O = circumcenter B C R; AO = line A O; PQ = line P Q; Prove: perpendicular AO PQ
2007CHNSouthEastMOp2	2.8	A = point; B = point; O = midpoint A B; (O) = circle_center_point O A; C = on_circle (O); D = on_circle (O); OB = line O B; l1 = perpendicular_line B OB; CD = line C D; P = intersection CD l1; OP = line O P; AC = line A C; E = intersection OP AC; AD = line A D; F = intersection OP AD; Prove: cong E O F O
2007CMOp4	2.1	A B C = triangle; O = circumcenter A B C; I = incenter A B C; BC = line B C; D = foot I BC; AC = line A C; E = foot I AC; AB = line A B; F = foot I AB; DF = line D F; P = intersection DF AC; DE = line D E; Q = intersection DE AB; M = midpoint P E; N = midpoint Q F; IO = line I O; MN = line M N; Prove: perpendicular IO MN
2007CTSTp2	3.6	A B C = triangle; I = incenter A B C; M = midpoint A B; N = midpoint A C; AB = line A B; (B,C) = circle_center_point B C; D = intersection AB (B,C); AC = line A C; (C,B) = circle_center_point C B; E = intersection AC (C,B); IM = line I M; l1 = perpendicular_line D IM; IN = line I N; l2 = perpendicular_line E IN; P = intersection l1 l2; AP = line A P; BC = line B C; Prove: perpendicular AP BC
2007USATSTp1	2.1	P = point; Q = point; l = perpendicular_bisector P Q; O1 = on_line l; O2 = on_line l; (O1) = circle_center_point O1 P; (O2) = circle_center_point O2 P; A = on_circle (O1); C = on_circle (O1); AP = line A P; B = intersection (O2) AP; CP = line C P; D = intersection (O2) CP; AC = line A C; BD = line B D; X = intersection AC BD; l1 = parallel_line P BD; Y = intersection (O1) l1; Prove: collinear Q X Y
2007USATSTp5	3.2	A B C = triangle; O = circumcenter A B C; OB = line O B; OC = line O C; l1 = perpendicular_line B OB; l2 = perpendicular_line C OC; T = intersection l1 l2; AT = line A T; l3 = perpendicular_line A AT; BC = line B C; S = intersection BC l3; ST = line S T; (T) = circle_center_point T B; B1 C1 = intersection ST (T); Prove: similar A B C A B1 C1
2008ARMOg10p6	2.2	A B C = triangle; BC = line B C; A1 = foot A BC; AB = line A B; C1 = foot C AB; H = orthocenter A B C; O = circumcenter A B C; B0 = midpoint A C; BO = line B O; AC = line A C; P = intersection BO AC; BH = line B H; A1C1 = line A1 C1; Q = intersection BH A1C1; B0H = line B0 H; PQ = line P Q; Prove: parallel B0H PQ
2008ARMOg9p3	3.8	A B C = triangle; H = orthocenter A B C; M X Y Z = centroid A B C; AM = line A M; l1 = perpendicular_line A AM; BM = line B M; l2 = perpendicular_line B BM; CM = line C M; l3 = perpendicular_line C CM; P = intersection l2 l3; Q = intersection l1 l3; R = intersection l1 l2; M1 X1 Y1 Z1 = centroid P Q R; Prove: collinear M H M1
2008AsiaPacificMOp3	2.7	A B C = triangle; O = circumcenter A B C; l1 = perpendicular_bisector A C; O1 = on_line l1; (O1) = circle_center_point O1 A; BC = line B C; D = intersection (O1) BC; AB = line A B; E = intersection (O1) AB; AD = line A D; (ABC) = circle A B C; G = intersection AD (ABC); CE = line C E; H = intersection CE (ABC); OA = line O A; t1 = perpendicular_line A OA; DE = line D E; L = intersection t1 DE; OC = line O C; t2 = perpendicular_line C OC; M = intersection t2 DE; HL = line H L; GM = line G M; X = intersection HL GM; Prove: concyclic A B C X
2008CHNSouthEastMOp3	2.3	A B C = triangle; l1 = angle_bisector A B C; AC = line A C; D = intersection l1 AC; BD = line B D; Q = foot A BD; P = foot C BD; M = midpoint A C; E = midpoint B C; O = circumcenter P Q M; (O) = circle_center_point O P; H = intersection AC (O); Prove: concyclic O H E M
2008CHNSouthEastMOp6	1.6	A B C = triangle; I = incenter A B C; BC = line B C; M = foot I BC; AC = line A C; N = foot I AC; E = midpoint A B; F = midpoint A C; EF = line E F; BI = line B I; D = intersection EF BI; Prove: collinear M N D
2008CTSTp13	3.1	A B C = acute_triangle; O = circumcenter A B C; M = midarc_no C A B; N = midarc_no A B C; D = midpoint M N; (ABC) = circle A B C; G = on_circle (ABC); I = incenter A B C; I1 = incenter A B G; I2 = incenter A C G; O1 = circumcenter G I1 I2; (GI1I2) = circle G I1 I2; P = intersection (GI1I2) (ABC); Prove: collinear D I P
2008CTSTp19	2.6	A B C = triangle; I = incenter A B C; BC = line B C; E = foot I BC; (I) = circle_center_point I E; AE = line A E; D = intersection AE (I); (C) = circle_center_point C E; F = intersection AE (C); BD = line B D; CF = line C F; G = intersection BD CF; Prove: cong C F F G
2008CTSTp4	3.2	A B C = triangle; l = line; BC = line B C; D = intersection l BC; AC = line A C; E = intersection l AC; AB = line A B; F = intersection l AB; O1 = circumcenter A E F; O2 = circumcenter B F D; O3 = circumcenter C D E; H = orthocenter O1 O2 O3; Prove: collinear D E H
2008CTSTp7	4.0	A B C = triangle; P = point; l1 = angle_equal1 A B C A P; l2 = angle_equal1 B C A B P; Q = intersection l1 l2; O1 = circumcenter P B C; O2 = circumcenter P C A; O3 = circumcenter P A B; O4 = circumcenter Q B C; O5 = circumcenter Q C A; O6 = circumcenter Q A B; O = circumcenter O1 O2 O3; U = circumcenter O4 O5 O6; OU = line O U; PQ = line P Q; Prove: parallel OU PQ
2008USAMOp2	3.0	A B C = acute_triangle; M = midpoint B C; N = midpoint C A; P = midpoint A B; AB = line A B; l1 = perpendicular_bisector A B; AM = line A M; D = intersection l1 AM; AC = line A C; l2 = perpendicular_bisector A C; E = intersection l2 AM; BD = line B D; CE = line C E; F = intersection BD CE; Prove: concyclic A N F P
2009ARMOg11p7	2.5	A B C D = parallelogram; AB = line A B; A1 = on_line AB; BC = line B C; C1 = on_line BC; AC1 = line A C1; A1C = line A1 C; P = intersection AC1 A1C; (AA1P) = circle A A1 P; (CC1P) = circle C C1 P; Q = intersection (AA1P) (CC1P); Prove: equal_angle P D A A B Q
2009ARMOg9p2	2.1	A B C = triangle; l1 = angle_bisector A B C; AC = line A C; D = intersection l1 AC; O = circumcenter A B C; (O) = circle_center_point O A; BD = line B D; E = intersection BD (O); (DE) = circle_diameter D E; F = intersection (DE) (O); F1 = reflect_point_wrt_line F BD; M = midpoint A C; Prove: collinear M B F1
2009CGMOp2	1.7	A B C = right_triangle; O = midpoint B C; (O) = circle_center_point O A; E = on_circle (O); CE = line C E; l = angle_equal1 A C C A E; F = intersection CE l; BF = line B F; D = intersection BF (O); O1 = circumcenter D E F; Prove: collinear A C O1
2009CTSTp19	2.7	A B C = triangle; BC = line B C; l1 = angle_equal1 A C C B A; D = intersection BC l1; AB = line A B; E = on_line AB; O = circumcenter B D E; (O) = circle_center_point O B; AD = line A D; F = intersection AD (O); BF = line B F; DE = line D E; G = intersection BF DE; M = midpoint A G; CM = line C M; AO = line A O; Prove: perpendicular CM AO
2009G3	3.8	A B C = triangle; I = incenter A B C; AB = line A B; Z = foot I AB; AC = line A C; Y = foot I AC; BY = line B Y; CZ = line C Z; G = intersection BY CZ; R = parallelogram B C Y; S = parallelogram Z B C; Prove: cong G R G S
2009G4	2.8	A B C = triangle; O = circumcenter A B C; (O) = circle_center_point O A; D = on_circle (O); AC = line A C; BD = line B D; E = intersection AC BD; AD = line A D; BC = line B C; F = intersection AD BC; G = midpoint A B; H = midpoint C D; EF = line E F; O1 = circumcenter E G H; O1E = line O1 E; Prove: perpendicular O1E EF
2009G6	4.6	A B C D = quadrilateral; AD = line A D; BC = line B C; P = intersection AD BC; O1 = circumcenter A B P; H1 = orthocenter A B P; O2 = circumcenter C D P; H2 = orthocenter C D P; E1 = midpoint O1 H1; E2 = midpoint O2 H2; CD = line C D; l1 = perpendicular_line E1 CD; AB = line A B; l2 = perpendicular_line E2 AB; X = intersection l1 l2; Prove: collinear X H1 H2
2009G8	4.0	T1 T2 T3 = triangle; I = circumcenter T1 T2 T3; (I) = circle_center_point I T1; T4 = on_circle (I); IT1 = line I T1; IT2 = line I T2; IT3 = line I T3; IT4 = line I T4; l1 = perpendicular_line T1 IT1; l2 = perpendicular_line T2 IT2; A = intersection l1 l2; l3 = perpendicular_line T3 IT3; B = intersection l2 l3; l4 = perpendicular_line T4 IT4; C = intersection l3 l4; D = intersection l1 l4; BC = line B C; M = on_line BC; AM = line A M; CD = line C D; N = intersection AM CD; I1 = incenter A B M; I2 = incenter M N C; I3 = incenter N D A; H = orthocenter I1 I2 I3; Prove: collinear H A M
2010ARMOg10p3	3.8	A B C = acute_triangle; O = circumcenter A B C; BC = line B C; D = foot A BC; AB = line A B; l1 = perpendicular_line O AB; AD = line A D; P = intersection l1 AD; AC = line A C; l2 = perpendicular_line O AC; Q = intersection l2 AD; M = midpoint B C; S = circumcenter O P Q; Prove: equal_angle B A S M A C
2010ARMOg10p6	2.4	A B C = triangle; la = angle_bisector B A C; K = on_line la; CK = line C K; (ABC) = circle A B C; M = intersection CK (ABC); CM = line C M; l1 = perpendicular_line K CM; l2 = perpendicular_bisector A K; O = intersection l1 l2; (O) = circle_center_point O A; AB = line A B; P = intersection AB (O); Q = intersection (ABC) (O); Prove: collinear P Q M
2010ARMOg11p3	4.3	A B C = triangle; (ABC) = circle A B C; D = on_circle (ABC); O = circumcenter A B C; AC = line A C; BD = line B D; K = intersection AC BD; M1 = midarc_no A B C; M2 = midarc_no B C D; M3 = midarc_no C D A; M4 = midarc_no D A B; I1 = incenter A B K; I2 = incenter B C K; I3 = incenter C D K; I4 = incenter D A K; I1M1 = line I1 M1; I2M2 = line I2 M2; X = intersection I1M1 I2M2; Prove: collinear X M3 I3
2010AsiaPacificMOp1	1.4	A B C = triangle; O = circumcenter A B C; O1 = circumcenter O B C; (O1) = circle_center_point O1 O; AB = line A B; P = intersection AB (O1); AC = line A C; Q = intersection AC (O1); N = reflect_point_wrt_point O O1; AP = line A P; NQ = line N Q; Prove: parallel AP NQ
2010AsiaPacificMOp4	3.0	A B C = acute_triangle; O = circumcenter A B C; H = orthocenter A B C; AB = line A B; O1 = circumcenter A C H; (O1) = circle_center_point O1 A; M = intersection AB (O1); AC = line A C; O2 = circumcenter A B H; (O2) = circle_center_point O2 A; N = intersection AC (O2); P = circumcenter M N H; Prove: collinear P H O
2010CGMOp2	3.1	A B C = isos_triangle; D = midpoint B C; AB = line A B; l1 = perpendicular_line C AB; (B,D) = circle_center_point B D; E = intersection l1 (B,D); M = midpoint B E; BE = line B E; l2 = perpendicular_line M BE; O1 = circumcenter A B D; (ABD) = circle_center_point O1 A; F = intersection (ABD) l2; DE = line D E; DF = line D F; Prove: perpendicular DE DF
2010CHNWesternMOp2	2.1	A = point; B = point; O = midpoint A B; (O) = circle_center_point O A; C = on_circle (O); D = on_circle (O); l1 = tangent_line C (O); l2 = tangent_line D (O); E = intersection l1 l2; AD = line A D; BC = line B C; F = intersection AD BC; EF = line E F; AB = line A B; M = intersection EF AB; Prove: concyclic E C M D
2010CHNWesternMOp6	2.8	C A B = right_triangle; (B) = circle_center_point B C; E = on_circle (B); AC = line A C; BE = line B E; l1 = perpendicular_line E BE; D = intersection AC l1; AB = line A B; l2 = perpendicular_line C AB; BE = line B E; F = intersection l2 BE; AF = line A F; DE = line D E; G = intersection AF DE; BG = line B G; l3 = parallel_line A BG; H = intersection l3 DE; Prove: midpoint G E H
2010CTSTp19	2.2	A B C = acute_triangle; M = midpoint B C; l1 = angle_equal1 A C B A M; P = on_line l1; O = circumcenter A B C; O1 = circumcenter A B P; O2 = circumcenter A C P; N = midpoint O1 O2; Prove: collinear A O N
2010CTSTp4	4.2	A B C = acute_triangle; I = incenter A B C; M = midpoint A C; N = midpoint A B; IM = line I M; l1 = parallel_line B IM; AC = line A C; D = intersection AC l1; IN = line I N; l2 = parallel_line C IN; AB = line A B; E = intersection AB l2; DE = line D E; DE = parallel_line I DE; l3 = parallel_line I DE; BC = line B C; P = intersection l3 BC; AI = line A I; Q = foot P AI; Prove: concyclic Q A B C
2010G1	1.6	A B C = acute_triangle; BC = line B C; D = foot A BC; AC = line A C; E = foot B AC; AB = line A B; F = foot C AB; EF = line E F; O = circumcenter A B C; (O) = circle_center_point O A; P = intersection EF (O); BP = line B P; DF = line D F; Q = intersection BP DF; Prove: cong A P A Q
2011ARMOg10p6	1.5	A B C = acute_triangle; AB = line A B; AC = line A C; B1 = foot B AC; C1 = foot C AB; BB1 = line B B1; P = on_line BB1; AP = line A P; l = perpendicular_line A AP; CC1 = line C C1; Q = intersection CC1 l; PQ = line P Q; F = foot A PQ; BF = line B F; FC = line F C; Prove: perpendicular BF FC
2011ARMOg11p2	3.2	A B C D = parallelogram; BC = line B C; T = on_line BC; O1 = circumcenter A B T; O2 = circumcenter D A T; O3 = circumcenter C D T; H = orthocenter O1 O2 O3; Prove: collinear A D H
2011ARMOg11p8	3.0	A B C = triangle; O = circumcenter A B C; N = midarc A B C; M = midpoint A C; I1 = incenter A B M; I2 = incenter C B M; Prove: concyclic I1 I2 B N
2011ARMOg9p2	2.3	A B C = acute_triangle; O = circumcenter A B C; l = perpendicular_bisector O B; K = on_line l; (K) = circle_center_point K O; BC = line B C; P = intersection (K) BC; AB = line A B; Q = intersection (K) AB; H = orthocenter P O Q; Prove: collinear H A C
2011AsiaPacificMOp3	3.9	O B C = equilateral_triangle; (O) = circle_center_point O B; A = on_circle (O); l1 = angle_bisector A B C; AC = line A C; B1 = intersection l1 AC; l2 = angle_exbisector A B C; B2 = intersection l2 AC; l3 = angle_bisector A C B; AB = line A B; C1 = intersection l3 AB; l4 = angle_exbisector A C B; C2 = intersection l4 AB; M1 = midpoint B1 B2; (M1) = circle_center_point M1 B1; M2 = midpoint C1 C2; (M2) = circle_center_point M2 C1; P = intersection (M1) (M2); BP = line B P; CP = line C P; Prove: perpendicular BP CP
2011BalkanMOp1	1.7	A B C = triangle; (ABC) = circle A B C; D = on_circle (ABC); AC = line A C; BD = line B D; E = intersection AC BD; F = midpoint A B; G = midpoint C D; AB = line A B; l = parallel_line G AB; H = foot E l; CD = line C D; K = foot E CD; EF = line E F; HK = line H K; Prove: perpendicular EF HK
2011CGMOp8	4.3	A B C = triangle; O = excenter A B C; BC = line B C; M = foot O BC; AB = line A B; D = on_line AB; l1 = parallel_line D BC; AC = line A C; E = intersection AC l1; O1 = incenter A D E; DE = line D E; N = foot O1 DE; BO1 = line B O1; DO = line D O; F = intersection BO1 DO; CO1 = line C O1; EO = line E O; G = intersection CO1 EO; L = midpoint F G; Prove: collinear L M N
2011CHNSouthEastMOp4	3.4	A B C = triangle; O = circumcenter A B C; AB = line A B; M = on_line AB; AC = line A C; OM = line O M; N = intersection OM AC; E = midpoint M C; F = midpoint N B; Prove: equal_angle F O E B A C
2011CHNWesternMOp7	2.2	A B C = triangle; I = incenter A B C; BC = line B C; D = foot I BC; AC = line A C; E = foot I AC; AB = line A B; F = foot I AB; M = midpoint B C; H = foot A BC; AI = line A I; DE = line D E; K = intersection AI DE; DF = line D F; L = intersection AI DF; Prove: concyclic M L H K
2011CTSTp10	3.6	A B C = acute_triangle; O = circumcenter A B C; A1 = reflect_point_wrt_point A O; B1 = reflect_point_wrt_point B O; C1 = reflect_point_wrt_point C O; P = point; BC = line B C; D = foot P BC; AC = line A C; E = foot P AC; AB = line A B; F = foot P AB; X = reflect A1 D; Y = reflect B1 E; Z = reflect C1 F; Prove: similar X Y Z A B C
2011CTSTp16	3.9	A B C = acute_triangle; H = orthocenter A B C; O = circumcenter A B C; (O) = circle_center_point O A; P = on_circle (O); HP = line H P; M = intersection (O) HP; BC = line B C; P1 = foot P BC; AC = line A C; P2 = foot P AC; P1P2 = line P1 P2; l1 = parallel_line M P1P2; K = intersection (O) l1; l2 = parallel_line P BC; Q = intersection (O) l2; KQ = line K Q; J = intersection BC KQ; Prove: cong J K J M
2011G3	4.8	A B C D = quadrilateral; M1 = midpoint A B; M2 = midpoint C D; (AB) = circle_center_point M1 A; (CD) = circle_center_point M2 C; E F = intersection (AB) (CD); AB = line A B; P = foot E AB; BC = line B C; Q = foot E BC; CD = line C D; R = foot E CD; S = foot F CD; AD = line A D; T = foot F AD; U = foot F AB; O1 = circumcenter P Q R; (PQR) = circle_center_point O1 P; O2 = circumcenter S T U; (STU) = circle_center_point O2 S; K1 K2 = intersection (PQR) (STU); M = midpoint E F; Prove: collinear M K1 K2
2011G5	3.1	A B C = triangle; I = incenter A B C; O = circumcenter A B C; (O) = circle_center_point O A; AI = line A I; D = intersection (O) AI; BI = line B I; E = intersection (O) BI; DE = line D E; AC = line A C; F = intersection DE AC; BC = line B C; G = intersection DE BC; AD = line A D; l1 = parallel_line F AD; BE = line B E; l2 = parallel_line G BE; P = intersection l1 l2; OA = line O A; OB = line O B; l3 = perpendicular_line A OA; l4 = perpendicular_line B OB; K = intersection l3 l4; AE = line A E; BD = line B D; X = intersection AE BD; Prove: collinear X K P
2011G6	3.2	A B C = isos_triangle; D = midpoint A C; l1 = angle_bisector B A C; O1 = circumcenter D B C; (BCD) = circle_center_point O1 D; E = intersection l1 (BCD); BD = line B D; O2 = circumcenter A E B; (ABE) = circle_center_point O2 A; F = intersection BD (ABE); AF = line A F; BE = line B E; I = intersection AF BE; CI = line C I; K = intersection CI BD; Prove: equal_angle B A I I A K
2012ARMOg10p2	1.9	A B C = acute_triangle; I = incenter A B C; BC = line B C; D = foot I BC; O = circumcenter A B C; AO = line A O; (ADI) = circle A D I; E = intersection AO (ADI); AE = line A E; DI = line D I; Prove: cong A E D I
2012ARMOg10p8	3.8	A B C = triangle; H = orthocenter A B C; E = midpoint H A; I = incenter A B C; AB = line A B; B1 = foot I AB; AC = line A C; C1 = foot I AC; B1C1 = line B1 C1; F = reflect_point_wrt_line E B1C1; O = circumcenter A B C; Prove: collinear O I F
2012ARMOg9p3	3.2	A B C D = parallelogram; BC = line B C; H = foot A BC; M = midpoint A B; CM = line C M; O = circumcenter A B C; (ABC) = circle_center_point O A; K = intersection CM (ABC); Prove: concyclic K H C D
2012AsiaPacificMOp4	2.1	A B C = acute_triangle; BC = line B C; D = foot A BC; M = midpoint B C; H = orthocenter A B C; HM = line H M; (ABC) = circle A B C; E = intersection HM (ABC); DE = line D E; F = intersection DE (ABC); Prove: equal_ratio B F C F A B A C
2012CGMOp5	1.4	A B C = triangle; I = incenter A B C; AB = line A B; D = foot I AB; AC = line A C; E = foot I AC; O = circumcenter B C I; Prove: equal_angle O D B C E O
2012CHNGaoLian	1.7	A B C = acute_triangle; BC = line B C; M = on_line BC; l = angle_equal1 A C B A M; N = intersection BC l; O1 = circumcenter A B C; O2 = circumcenter A M N; Prove: collinear O1 O2 A
2012CHNSouthEastMOp2	2.1	A B C = triangle; I = incenter A B C; AB = line A B; D = foot I AB; BC = line B C; E = foot I BC; AC = line A C; F = foot I AC; EF = line E F; AI = line A I; M = intersection EF AI; BI = line B I; N = intersection EF BI; DI = line D I; K = intersection EF DI; Prove: equal_ratio D M D N F K E K
2012CHNWesternMOp5	2.0	A B C = acute_triangle; O = circumcenter A B C; H = orthocenter A B C; BC = line B C; D = foot A BC; l1 = perpendicular_bisector A O; E = intersection l1 BC; N = midpoint O H; Prove: concyclic A D E N
2012CTSTp2	2.5	A B C = triangle; I = incenter A B C; BC = line B C; D = foot I BC; AC = line A C; E = foot I AC; AB = line A B; F = foot I AB; EF = line E F; L = reflect_point_wrt_line D EF; DF = line D F; M = reflect_point_wrt_line E DF; DE = line D E; N = reflect F DE; AL = line A L; P = intersection AL BC; BM = line B M; Q = intersection BM AC; CN = line C N; R = intersection CN AB; Prove: collinear P Q R
2012EGMOp1	1.3	A B C = triangle; O = circumcenter A B C; BC = line B C; D = foot O BC; CO = line C O; E = foot D CO; BO = line B O; F = foot D BO; K = circumcenter A F E; DK = line D K; Prove: perpendicular DK BC
2012EGMOp7	2.9	A B C = acute_triangle; O = circumcenter A B C; (O) = circle_center_point O A; H = orthocenter A B C; K = on_circle (O); AB = line A B; L = reflect_point_wrt_line K AB; BC = line B C; M = reflect_point_wrt_line K BC; O1 = circumcenter B L M; (O1) = circle_center_point O1 B; E = intersection (O) (O1); HK = line H K; EM = line E M; P = intersection HK EM; Prove: collinear P B C
2012G2	2.3	A B C = triangle; (ABC) = circle A B C; D = on_circle (ABC); AC = line A C; BD = line B D; E = intersection AC BD; AD = line A D; BC = line B C; F = intersection AD BC; G = parallelogram D E C; H = reflect_point_wrt_line E AD; Prove: concyclic D H F G
2012G3	3.0	A B C = acute_triangle; BC = line B C; D = foot A BC; AC = line A C; E = foot B AC; AB = line A B; F = foot C AB; I1 = incenter A E F; I2 = incenter B D F; O1 = circumcenter A C I1; O2 = circumcenter B C I2; I1I2 = line I1 I2; O1O2 = line O1 O2; Prove: parallel I1I2 O1O2
2012G4	2.5	A B C = triangle; O = circumcenter A B C; l1 = angle_bisector B A C; BC = line B C; D = intersection l1 BC; M = midpoint B C; E = reflect D M; l2 = perpendicular_line D BC; AO = line A O; X = intersection l2 AO; l3 = perpendicular_line E BC; AD = line A D; Y = intersection l3 AD; Prove: concyclic B X C Y
2012G8	4.9	A B C = triangle; O = circumcenter A B C; l = line; P = foot O l; BC = line B C; X = intersection BC l; AC = line A C; Y = intersection AC l; AB = line A B; Z = intersection AB l; O1 = circumcenter A P X; O2 = circumcenter B P Y; O3 = circumcenter C P Z; Prove: collinear O1 O2 O3
2012RMMp2	3.6	A B C = triangle; G D E F = centroid A B C; (BCF) = circle B C F; BE = line B E; P = intersection (BCF) BE; (ABE) = circle A B E; AD = line A D; Q = intersection (ABE) AD; DP = line D P; FQ = line F Q; R = intersection DP FQ; Prove: concyclic G P Q R
2012USAMOp5	1.7	A B C = triangle; P = point; T = point; PT = line P T; A1 = reflect_point_wrt_line A PT; B1 = reflect_point_wrt_line B PT; C1 = reflect_point_wrt_line C PT; A1P = line A1 P; BC = line B C; A2 = intersection A1P BC; B1P = line B1 P; AC = line A C; B2 = intersection B1P AC; C1P = line C1 P; AB = line A B; C2 = intersection C1P AB; Prove: collinear A2 B2 C2
2012USATSTp6	4.0	A B C = triangle; (ABC) = circle A B C; D = on_circle (ABC); AC = line A C; BD = line B D; P = intersection AC BD; AB = line A B; E = foot P AB; CD = line C D; F = foot P CD; BF = line B F; CE = line C E; Q = intersection BF CE; PQ = line P Q; EF = line E F; Prove: perpendicular PQ EF
2013ARMOg10p7	3.7	A B C = triangle; I = incenter A B C; BC = line B C; A1 = foot I BC; AC = line A C; B1 = foot I AC; AB = line A B; C1 = foot I AB; Ia = excenter A B C; Ib = excenter B C A; Ic = excenter C A B; B1Ia = line B1 Ia; A1Ib = line A1 Ib; C2 = intersection B1Ia A1Ib; C1Ib = line C1 Ib; B1Ic = line B1 Ic; A2 = intersection C1Ib B1Ic; A1Ic = line A1 Ic; C1Ia = line C1 Ia; B2 = intersection A1Ic C1Ia; Prove: cong I A2 I B2
2013ARMOg9p2	1.5	A B C = acute_triangle; O = circumcenter A B C; OB = line O B; OC = line O C; l1 = perpendicular_line B OB; l2 = perpendicular_line C OC; P = intersection l1 l2; AB = line A B; D = foot P AB; AC = line A C; E = foot P AC; H = orthocenter A D E; Prove: midpoint H B C
2013ARMOg9p7	2.8	A B C = acute_triangle; L K = square A C; M N = square C B; CN = line C N; AK = line A K; X = intersection CN AK; CL = line C L; BM = line B M; Y = intersection CL BM; O1 = circumcenter K N X; (O1) = circle_center_point O1 K; O2 = circumcenter L M Y; (O2) = circle_center_point O2 L; P = intersection (O1) (O2); S = midpoint A B; Prove: equal_angle A C S P C B
2013BalkanMOp1	2.5	A B C = triangle; I1 = excenter A B C; I2 = excenter B A C; AB = line A B; P = foot I1 AB; AC = line A C; Q = foot I1 AC; M = foot I2 AB; BC = line B C; N = foot I2 BC; MN = line M N; K = foot C MN; PQ = line P Q; L = foot C PQ; Prove: concyclic M K L P
2013CGMOp2	1.6	A D C B = trapezoid; AD = line A D; BC = line B C; E = intersection AD BC; O1 = excenter E A B; AB = line A B; P = foot O1 AB; O2 = incenter E C D; CD = line C D; Q = foot O2 CD; AC = line A C; BD = line B D; PQ = line P Q; X = intersection AC BD; Prove: collinear X P Q
2013CHNGaoLianA	2.0	A = point; B = point; l = perpendicular_bisector A B; O = on_line l; (O) = circle_center_point O A; P = on_circle (O); E F = trisegment A B; EP = line E P; C = intersection EP (O); FP = line F P; D = intersection FP (O); Prove: equal_ratio E F A C B D C D
2013CHNWesternMOp3	3.1	A B C = triangle; B1 = excenter B C A; C1 = excenter C A B; M = midpoint A C; N = midpoint A B; B2 = reflect B1 M; C2 = reflect C1 N; A1 = excenter A B C; BC = line B C; D = foot A1 BC; AD = line A D; B2C2 = line B2 C2; Prove: perpendicular AD B2C2
2013CTSTp1	2.7	A B C = triangle; (ABC) = circle A B C; D = on_circle (ABC); AC = line A C; BD = line B D; F = intersection AC BD; AB = line A B; CD = line C D; E = intersection AB CD; G = foot F AB; H = foot F CD; M = midpoint B C; N = midpoint E F; BF = line B F; O1 = circumcenter G M N; (O1) = circle_center_point O1 M; P = intersection BF (O1); CF = line C F; O2 = circumcenter H M N; (O2) = circle_center_point O2 M; Q = intersection CF (O2); PQ = line P Q; BC = line B C; Prove: parallel PQ BC
2013G2	3.0	A B C = triangle; O = circumcenter A B C; M = midpoint A B; N = midpoint A C; l1 = angle_bisector B A C; (ABC) = circle_center_point O A; T = intersection l1 (ABC); l2 = perpendicular_bisector A C; O1 = circumcenter A M T; (AMT) = circle_center_point O1 A; X = intersection (AMT) l2; l3 = perpendicular_bisector A B; O2 = circumcenter A N T; (ANT) = circle_center_point O2 A; Y = intersection (ANT) l3; MN = line M N; XY = line X Y; K = intersection MN XY; Prove: cong K A K T
2013G4	2.8	A B C = triangle; O = circumcenter A B C; (O) = circle_center_point O A; AC = line A C; l1 = angle_equal1 B A B C A; P = intersection AC l1; l2 = angle_equal1 B A A C B; Q = intersection AC l2; BQ = line B Q; (P) = circle_center_point P B; D = intersection BQ (P); AD = line A D; R = intersection AD (O); Prove: cong Q B Q R
2013RMMp3	4.0	A B C = triangle; O = circumcenter A B C; (ABC) = circle_center_point O A; D = on_circle (ABC); AB = line A B; CD = line C D; P = intersection AB CD; AD = line A D; BC = line B C; Q = intersection AD BC; AC = line A C; BD = line B D; R = intersection AC BD; M = midpoint P Q; MR = line M R; K = intersection MR (ABC); O1 = circumcenter K P Q; Prove: collinear O O1 K
2013USAMOp1	1.8	A B C = triangle; BC = line B C; P = on_line BC; AC = line A C; Q = on_line AC; AB = line A B; R = on_line AB; ωa = circumcircle A Q R; ωb = circumcircle B R P; ωc = circumcircle C P Q; AP = line A P; X = intersection AP ωa; Y = intersection AP ωb; Z = intersection AP ωc; Prove: equal_ratio X Y X Z B P C P
2013USATSTp2	4.8	C A B = right_triangle; AB = line A B; D = foot C AB; CD = line C D; X = on_line CD; AX = line A X; (B,C) = circle_center_point B C; K = intersection AX (B,C); BX = line B X; (A,C) = circle_center_point A C; L = intersection BX (A,C); O1 = circumcenter D K L; (DKL) = circle_center_point O1 D; T = intersection AB (DKL); Prove: equal_angle A C T T C B
2014ARMOg10p4	2.8	A B C = triangle; O = circumcenter A B C; AB = line A B; M = on_line AB; (C,AM) = circle_center_radius C A M; BC = line B C; N = intersection (C,AM) BC; MN = line M N; AC = line A C; K = intersection MN AC; P = incenter A M K; Q = excenter K C N; R = midarc A B C; Prove: cong R P R Q
2014ARMOg9p4	2.7	A B C = acute_triangle; M = midpoint A C; (ABC) = circumcircle A B C; l1 = tangent A (ABC); l2 = tangent C (ABC); P = intersection l1 l2; BP = line B P; AC = line A C; S = intersection BP AC; D = foot A BP; (CSD) = circumcircle C S D; K = intersection (CSD) (ABC); CK = line C K; KM = line K M; Prove: perpendicular CK KM
2014ARMOg9p6	1.0	A D C B = isos_trapezoid; l = perpendicular_bisector C D; O = on_line l; (O) = circle_center_point O C; AC = line A C; A1 = intersection AC (O); BC = line B C; B1 = intersection BC (O); M1 = midpoint C A; M2 = midpoint C B; A2 = reflect_point_wrt_point A1 M1; B2 = reflect_point_wrt_point B1 M2; Prove: concyclic A B A2 B2
2014AsiaPacificMOp5	3.4	A = point; B = point; l = perpendicular_bisector A B; O1 = on_line l; O2 = on_line l; (O1) = circle_center_point O1 A; (O2) = circle_center_point O2 A; M = intersection l (O1); P = on_circle (O1); MP = line M P; Q = intersection MP (O2); O1P = line O1 P; lp = perpendicular_line P O1P; O2Q = line O2 Q; lq = perpendicular_line Q O2Q; AB = line A B; X = intersection AB lp; Y = intersection AB lq; Z = intersection lp lq; O3 = circumcenter X Y Z; (XYZ) = circle_center_point O3 X; T = intersection (XYZ) (O2) Prove: collinear O2 O3 T
2014BulgariaMOp6	4.6	A B C = triangle; (ABC) = circle A B C; D = on_circle (ABC); O = circumcenter A B C; AC = line A C; BD = line B D; E = intersection AC BD; CB = line C B; DA = line D A; F = intersection CB DA; I1 = incenter A B E; I2 = incenter A B F; I3 = incenter C D E; I4 = incenter C D F; I1I2 = line I1 I2; I3I4 = line I3 I4; P = intersection I1I2 I3I4; Prove: concyclic P A B C
2014CGMOp6	2.8	A B C = acute_triangle; D = midpoint A B; E = midpoint A C; O1 = circumcenter A D E; (O1) = circle_center_point O1 A; O2 = circumcenter B C E; (O2) = circle_center_point O2 B; P = intersection (O1) (O2); O3 = circumcenter B C D; (O3) = circle_center_point O3 B; Q = intersection (O1) (O3); Prove: cong A P A Q
2014CHNGaoLian	2.8	A B C = acute_triangle; O = circumcenter A B C; OB = line O B; l1 = perpendicular_line B OB; (B) = circle_center_point B C; D = intersection l1 (B); OC = line O C; l2 = perpendicular_line C OC; (C) = circle_center_point C B; E = intersection l2 (C); DE = line D E; AB = line A B; F = intersection DE AB; AC = line A C; G = intersection DE AC; CF = line C F; BD = line B D; M = intersection CF BD; CE = line C E; BG = line B G; N = intersection CE BG; AM = line A M; AN = line A N; Prove: cong A M A N
2014CHNSouthEastMOg10p3	3.6	A B C = obtuse_triangle; O = circumcenter A B C; D = midpoint B C; E = midpoint C A; F = midpoint A B; AD = line A D; FO = line F O; M = intersection AD FO; EO = line E O; N = intersection AD EO; BM = line B M; CN = line C N; P = intersection BM CN; OP = line O P; AP = line A P; Prove: perpendicular OP AP
2014CHNSouthEastMOg11p1	2.2	A B C = triangle; M = midpoint B C; I = incenter A B C; IM = line I M; AB = line A B; D = intersection IM AB; CI = line C I; O = circumcenter A B C; (O) = circle_center_point O A; E = intersection CI (O); Prove: equal_ratio D E E I B I C I
2014CHNWesternMOp2	2.1	A = point; B = point; O = midpoint A B; (O) = circle_center_point O A; C = on_circle (O); D = on_circle (O); P = circumcenter O A C; Q = circumcenter O B D; Prove: equal_ratio C P D P D Q C Q
2014CTSTp13	3.5	A B C = triangle; O = circumcenter A B C; BC = line B C; AC = line A C; AB = line A B; Ha = foot A BC; Hb = foot B AC; Hc = foot C AB; O1 = circumcenter O B C; O2 = circumcenter O A C; O3 = circumcenter O B A; AO = line A O; (BCO) = circle_center_point O1 O; BO = line B O; (ACO) = circle_center_point O2 O; CO = line C O; (ABO) = circle_center_point O3 O; A1 = intersection AO (BCO); B1 = intersection BO (ACO); C1 = intersection CO (ABO); D1 = foot A1 AB; D2 = foot A1 AC; Oa = circumcenter D1 Ha D2; E1 = foot B1 BC; E2 = foot B1 AB; Ob = circumcenter E1 Hb E2; F1 = foot C1 AC; F2 = foot C1 BC; Oc = circumcenter F1 Hc F2; HaOa = line Ha Oa; HbOb = line Hb Ob; T = intersection HaOa HbOb; Prove: collinear T Hc Oc
2014EGMOp2	3.4	A B C = triangle; AB = line A B; (B,C) = circle_center_point B C; D = intersection AB (B,C); AC = line A C; (C,B) = circle_center_point C B; E = intersection AC (C,B); CD = line C D; BE = line B E; F = intersection CD BE; I = incenter A B C; H = orthocenter D E F; M = midarc B A C; Prove: collinear I H M
2014G3	3.1	A B C = acute_triangle; O = circumcenter A B C; M = midarc_no A C B; (BM) = circle_diameter B M; AB = line A B; l1 = perpendicular_bisector A B; P = intersection l1 (BM); BC = line B C; l2 = perpendicular_bisector B C; Q = intersection l2 (BM); l3 = perpendicular_bisector B M; PQ = line P Q; R = intersection PQ l3; BR = line B R; AC = line A C; Prove: parallel BR AC
2014IranGOAp3	3.0	A B C = acute_triangle; AB = line A B; M = midpoint B C; (M) = circle_center_point M B; E = intersection AB (M); AC = line A C; F = intersection AC (M); AM = line A M; EF = line E F; P = intersection AM EF; X = on_circle (M); PX = line P X; Y = intersection PX (M); Prove: equal_angle X A Y X Y M
2014IranGOAp4	3.7	A B C = acute_triangle; O = circumcenter A B C; OA = line O A; ta = perpendicular_line A OA; BC = line B C; P = intersection ta BC; OP = line O P; X = foot A OP; AB = line A B; AC = line A C; l1 = angle_equal1 X P A C X; E = intersection l1 AB; l2 = angle_equal1 X O A B X; F = intersection l2 AC; EF = line E F; (ABC) = circle_center_point O A; K L = intersection EF (ABC); O1 = circumcenter K L X; O1X = line O1 X; Prove: perpendicular O1X OP
2014IranTSTp13	4.5	A B C = triangle; I = incenter A B C; BC = line B C; AC = line A C; AB = line A B; A1 = foot I BC; B1 = foot I AC; C1 = foot I AB; BC = line B C; AI = line A I; A2 = intersection BC AI; AC = line A C; BI = line B I; B2 = intersection AC BI; AB = line A B; CI = line C I; C2 = intersection AB CI; B2C2 = line B2 C2; l1 = perpendicular_line A1 B2C2; A3 = intersection AI l1; C2A2 = line C2 A2; l2 = perpendicular_line B1 C2A2; B3 = intersection BI l2; A2B2 = line A2 B2; l3 = perpendicular_line C1 A2B2; C3 = intersection CI l3; Prove: congurrent A3 B3 C3 A1 B1 C1
2015ARMOg10p7	2.7	A B C = acute_triangle; M = midpoint B C; BC = line B C; H = foot A BC; AC = line A C; l1 = perpendicular_line M AC; AB = line A B; Q = intersection AB l1; l2 = perpendicular_line M AB; P = intersection AC l2; O1 = circumcenter M P Q; (O1) = circle_center_point O1 P; X = intersection BC (O1); Prove: cong B H C X
2015ARMOg11p7	2.6	A B C = triangle; O = circumcenter A B C; OC = line O C; l1 = perpendicular_line C OC; AB = line A B; D = intersection l1 AB; I = incenter A B C; l2 = angle_bisector C D B; AI = line A I; Q = intersection l2 AI; BI = line B I; P = intersection l2 BI; M = midpoint Q P; N = midarc A C B; Prove: collinear M I N
2015ARMOg9p7	2.3	A B C = acute_triangle; O = circumcenter A B C; (O) = circle_center_point O A; M X Y Z = centroid A B C; BC = line B C; H = foot A BC; HM = line H M; A1 = intersection HM (O); O1 = circumcenter A1 B H; O1B = line O1 B; AB = line A B; Prove: perpendicular O1B AB
2015AsiaPacificMOp1	1.7	A B C = triangle; BC = line B C; D = on_line BC; l = line_through D; AB = line A B; X = intersection l AB; AC = line A C; Y = intersection l AC; (ABC) = circumcircle A B C; (BDX) = circle B D X; Z = intersection (BDX) (ABC); DZ = line D Z; V = intersection DZ (ABC); YZ = line Y Z; W = intersection YZ (ABC); VW = line V W; Prove: cong A B V W
2015BalkanMOp2	1.9	A B C = triangle; I = incenter A B C; O = circumcenter A B C; (O) = circle_center_point O A; AI = line A I; D = intersection AI (O); BI = line B I; E = intersection BI (O); CI = line C I; F = intersection CI (O); BC = line B C; l1 = parallel_line I BC; EF = line E F; K = intersection l1 EF; AC = line A C; l2 = parallel_line I AC; DF = line D F; L = intersection l2 DF; AB = line A B; l3 = parallel_line I AB; DE = line D E; M = intersection l3 DE; Prove: collinear K L M
2015CGMOp1	1.8	A B C = acute_triangle; O = circumcenter A B C; D = midpoint B C; (AD) = circle_diameter A D; AB = line A B; E = intersection (AD) AB; AC = line A C; F = intersection (AD) AC; AO = line A O; l1 = parallel_line D AO; EF = line E F; M = intersection l1 EF; Prove: cong E M M F
2015CTSTp9	4.4	A B C = acute_triangle; O = circumcenter A B C; G D D1 D2 = centroid A B C; BC = line B C; l1 = perpendicular_line A BC; (BC) = circle_center_point D B; E = intersection (BC) l1; EG = line E G; DO = line D O; F = intersection EG DO; BO = line B O; l2 = parallel_line F BO; K = intersection BC l2; CO = line C O; l3 = parallel_line F CO; L = intersection BC l3; l4 = perpendicular_line K BC; AB = line A B; M = intersection AB l4; l5 = perpendicular_line L BC; AC = line A C; N = intersection AC l5; l6 = perpendicular_line B BO; l7 = perpendicular_line C CO; X = intersection l6 l7; (X) = circle_center_point X B; O2 = circumcenter A M N; (AMN) = circle_center_point O2 A; T = intersection (X) (AMN); Prove: collinear O2 X T
2015ELMOp3	2.3	A = point; B = point; l = perpendicular_bisector A B; O = on_line l; (O) = circle_center_point O A; OA = line O A; OB = line O B; l1 = perpendicular_line A OA; l2 = perpendicular_line B OB; C = intersection l1 l2; X = reflect A B; O1 = circumcenter B X C; (O1) = circle_center_point O1 B; D = intersection (O1) (O); CD = line C D; E = intersection CD (O); EX = line E X; O1X = line O1 X; Prove: perpendicular EX O1X
2015EuropeanMCupSp3	1.7	A = point; B = point; l = perpendicular_bisector A B; O = on_line l; (ABO) = circumcircle A B O; K = on_circle (ABO); OK = line O K; (O) = circle_center_point O A; L M = intersection OK (O); AB = line A B; P = foot L AB; N = midpoint A B; KP = line K P; MN = line M N; Prove: parallel KP MN
2015IranGOAp1	2.1	A = point; B = point; l = perpendicular_bisector A B; O = on_line l; P = on_line l; (O) = circle_center_point O A; (P) = circle_center_point P A; X = on_circle (P); BX = line B X; l1 = perpendicular_line B BX; Y = intersection (O) l1; OX = line O X; X1 = intersection OX (P); X1Y = line X1 Y; K = intersection (P) X1Y; Prove: cong A X X K
2015IranGOAp3	3.1	A B C = triangle; H = orthocenter A B C; l1 = line_through H; l2 = perpendicular_line H l1; BC = line B C; D = intersection l1 BC; AB = line A B; Z = intersection l1 AB; E = intersection l2 BC; AC = line A C; X = intersection l2 AC; m1 = parallel_line D AC; m2 = parallel_line E AB; Y = intersection m1 m2; Prove: collinear X Y Z
2015IranGOAp5	4.5	A B C = triangle; AB = line A B; t1 = perpendicular_line B AB; A1 = on_line t1; B2 = parallelogram A B A1; BC = line B C; t2 = perpendicular_line B BC; C2 = on_line t2; B1 = parallelogram C B C2; AC = line A C; t3 = perpendicular_line C AC; A2 = on_line t3; C1 = parallelogram A C A2; A1C2 = line A1 C2; l1 = perpendicular_line C2 A1C2; A2B1 = line A2 B1; l2 = perpendicular_line B1 A2B1; A3 = intersection l1 l2; l3 = perpendicular_line A2 A2B1; B2C1 = line B2 C1; l4 = perpendicular_line C1 B2C1; B3 = intersection l3 l4; l5 = perpendicular_line B2 B2C1; l6 = perpendicular_line A1 A1C2; C3 = intersection l5 l6; AA3 = line A A3; BB3 = line B B3; X = intersection AA3 BB3; Prove: collinear X C C3
2015IranTSTp18	4.1	A B C = triangle; BC = line B C; H = foot A BC; M_bc = midpoint B C; H1 = reflect_point_wrt_point H M_bc; O = circumcenter A B C; OB = line O B; l1 = perpendicular_line B OB; OC = line O C; l2 = perpendicular_line C OC; X = intersection l1 l2; AB = line A B; XH1 = line X H1; l3 = perpendicular_line H1 XH1; Y = intersection AB l3; AC = line A C; Z = intersection AC l3; Prove: equal_angle Z X C Y X B
2015RMMp4	2.2	A B C = triangle; I = incenter A B C; BC = line B C; D = foot I BC; J1 = incenter A B D; J2 = incenter A C D; O = circumcenter A J1 J2; Prove: equal_angle B A O O A C
2015USATSTp1	2.9	A B C = triangle; I = incenter A B C; BC = line B C; CA = line C A; AB = line A B; D = foot I BC; E = foot I CA; F = foot I AB; (I) = circle_center_point I D; M = midpoint B C; O1 = midpoint A D; (O1) = circle_center_point O1 A; Q = intersection (I) (O1); (M,D) = circle_center_point M D; AI = line A I; P = intersection AI (M,D); PQ = line P Q; QF = line Q F; Prove: perpendicular PQ QF
2015USATSTp6	5.0	A B C = triangle; Ma = midpoint B C; Mb = midpoint C A; Mc = midpoint A B; Ni = circumcenter Ma Mb Mc; (Ni) = circle_center_point Ni Ma; O = circumcenter A B C; H = orthocenter A B C; OH = line O H; S = on_line O H; MaS = line Ma S; X = intersection MaS (Ni); MbS = line Mb S; Y = intersection MbS (Ni); McS = line Mc S; Z = intersection McS (Ni); AX = line A X; BY = line B Y; W = intersection AX BY; Prove: collinear W C Z
2016ARMOg10p2	2.3	A B C = triangle; (ABC) = circle A B C; D = on_circle (ABC); AC = line A C; BD = line B D; P = intersection AC BD; l1 = perpendicular_line P AC; BC = line B C; Q = intersection BC l1; Oa = circumcenter A P D; Ob = circumcenter B Q D; OaOb = line Oa Ob; AD = line A D; Prove: parallel OaOb AD
2016ARMOg10p8	4.0	A B C = acute_triangle; M = midpoint A B; O = circumcenter A B C; (ABC) = circle_center_point O A; C1 = reflect_point_wrt_point C O; AC1 = line A C1; CM = line C M; K = intersection AC1 CM; BC1 = line B C1; L = intersection BC1 CM; p1 = perpendicular_line K AC1; p2 = perpendicular_line L BC1; AB = line A B; X = intersection p1 AB; Y = intersection p2 AB; Z = intersection p1 p2; O1 = circumcenter X Y Z; (XYZ) = circle_center_point O1 X; T = intersection (ABC) (XYZ); Prove: collinear O O1 T
2016ARMOg11p8	4.6	A B C = triangle; M Ma Mb Mc = centroid A B C; Pa = midpoint A M; Pb = midpoint B M; Pc = midpoint C M; BC = line B C; l1 = perpendicular_line Ma BC; l2 = perpendicular_bisector Ma Pa; Oa = intersection l1 l2; (Oa) = circle_center_point Oa Ma; AC = line A C; l3 = perpendicular_line Mb AC; l4 = perpendicular_bisector Mb Pb; Ob = intersection l3 l4; (Ob) = circle_center_point Ob Mb; AB = line A B; l5 = perpendicular_line Mc AB; l6 = perpendicular_bisector Mc Pc; Oc = intersection l5 l6; X = intersection (Oa) (Ob); Prove: cong X Oc Oc Mc
2016BalkanMOp2	2.3	A B C = triangle; (ABC) = circle A B C; D = on_circle (ABC); AC = line A C; BD = line B D; F = intersection AC BD; AD = line A D; BC = line B C; E = intersection AD BC; K = foot F AD; L = foot F BC; M = midpoint E F; S = midpoint C F; T = midpoint D F; O1 = circumcenter K M T; O2 = circumcenter L M S; (O1) = circle_center_point O1 M; (O2) = circle_center_point O2 M; X = intersection (O1) (O2); CD = line C D; Prove: collinear X C D
2016CGMOp7	3.5	A B C = acute_triangle; I = incenter A B C; BC = line B C; D = foot I BC; H = foot A BC; AH = line A H; BI = line B I; P = intersection AH BI; CI = line C I; Q = intersection AH CI; O = circumcenter I P Q; AO = line A O; L = intersection AO BC; (AIL) = circle A I L; N = intersection (AIL) BC; Prove: equal_ratio B D C D B N C N
2016CTSTp5	4.3	A B C = triangle; (ABC) = circle A B C; D = on_circle (ABC); O = circumcenter A B C; l1 = angle_bisector B A D; l2 = angle_bisector B C D; I = intersection l1 l2; l3 = angle_bisector A B C; l4 = angle_bisector C D A; J = intersection l3 l4; AB = line A B; IJ = line I J; P = intersection AB IJ; CD = line C D; R = intersection CD IJ; BC = line B C; Q = intersection IJ BC; AD = line A D; S = intersection IJ AD; M = midpoint P R; N = midpoint Q S; MO = line M O; NO = line N O; Prove: perpendicular MO NO
2016CTSTp7	3.9	A B C = acute_triangle; P = point; BC = line B C; D = reflect_point_wrt_line P BC; AC = line A C; E = reflect_point_wrt_line P AC; AB = line A B; F = reflect_point_wrt_line P AB; AP = line A P; O = circumcenter A B C; (O) = circle_center_point O A; L = intersection AP (O); BP = line B P; M = intersection BP (O); CP = line C P; N = intersection CP (O); O1 = circumcenter D L P; (O1) = circle_center_point O1 P; O2 = circumcenter E M P; (O2) = circle_center_point O2 P; X = intersection (O1) (O2); Prove: concyclic X F N P
2016CanadaMOp5	4.2	A B C = triangle; BC = line B C; AC = line A C; D = foot A BC; E = foot B AC; H = orthocenter A B C; M = midpoint A B; O1 = circumcenter D E M; O2 = circumcenter A B H; (O1) = circle_center_point O1 D; (O2) = circle_center_point O2 A; P Q = intersection (O1) (O2); ED = line E D; PH = line P H; X = intersection ED PH; Prove: collinear X M Q
2016CzechAPSlovakp6	3.6	A B C = acute_triangle; O = circumcenter A B C; BC = line B C; OA = line O A; l = perpendicular_line A OA; D = intersection l BC; G X Y Z = centroid A B C; AG = line A G; (O) = circle_center_point O A; H = intersection AG (O); DG = line D G; AB = line A B; E = intersection DG AB; AC = line A C; F = intersection DG AC; Prove: equal_angle E H G G H F
2016EGMOp2	2.6	A B C = triangle; (ABC) = circle A B C; D = on_circle (ABC); AC = line A C; BD = line B D; X = intersection AC BD; C1 = midpoint C X; D1 = midpoint D X; M = midpoint C D; AD1 = line A D1; BC1 = line B C1; Y = intersection AD1 BC1; MY = line M Y; E = intersection MY AC; F = intersection MY BD; XY = line X Y; O1 = circumcenter E F X; O1X = line O1 X; Prove: perpendicular O1X XY
2016ELMOp2	2.9	A B C = triangle; O = circumcenter A B C; OB = line O B; OC = line O C; l1 = perpendicular_line B OB; l2 = perpendicular_line C OC; D = intersection l1 l2; AC = line A C; B1 = reflect_point_wrt_line B AC; AB = line A B; C1 = reflect_point_wrt_line C AB; O1 = circumcenter D B1 C1; AO1 = line A O1; BC = line B C; Prove: perpendicular AO1 BC
2016G2	3.0	A B C = triangle; I = incenter A B C; M = midpoint B C; BC = line B C; D = foot I BC; AI = line A I; l = perpendicular_line I AI; AB = line A B; F = intersection l AB; AC = line A C; E = intersection l AC; O1 = circumcenter A E F; (O1) = circle_center_point O1 A; O = circumcenter A B C; (O) = circle_center_point O A; X = intersection (O1) (O); DX = line D X; AM = line A M; T = intersection DX AM; Prove: concyclic A B C T
2016G4	2.6	A B C = isos_triangle; I = incenter A B C; BI = line B I; AC = line A C; D = intersection BI AC; l1 = perpendicular_line D AC; AI = line A I; E = intersection l1 AI; I1 = reflect_point_wrt_line I AC; Prove: concyclic B D E I1
2016G5	4.3	A B C = triangle; O = circumcenter A B C; H = orthocenter A B C; OH = line O H; D = foot A OH; l = perpendicular_bisector A D; S = on_line l; (S,A) = circle_center_point S A; AB = line A B; X = intersection (S,A) AB; AC = line A C; Y = intersection (S,A) AC; BC = line B C; P = foot A BC; M = midpoint B C; O1 = circumcenter X S Y; Prove: cong O1 P O1 M
2016G6	4.2	A B C = triangle; ω1 = angle_equal2 A C C B A; D = on_circle ω1; AC = line A C; l1 = angle_bisector A B C; E = intersection AC l1; l2 = angle_bisector A D C; F = intersection AC l2; BE = line B E; DF = line D F; P = intersection BE DF; M = midpoint A C; O = circumcenter B P D; BM = line B M; (BPD) = circle_center_point O B; X = intersection BM (BPD); DM = line D M; Y = intersection DM (BPD); XE = line X E; YF = line Y F; Q = intersection XE YF; PQ = line P Q; Prove: perpendicular PQ AC
2016IranGOAp1	2.0	A = point; B = point; l = perpendicular_bisector A B; O1 = on_line l; O2 = on_line l; (O1) = circle_center_point O1 A; (O2) = circle_center_point O2 A; O1A = line O1 A; l1 = perpendicular_line A O1A; C = intersection l1 (O2); O2A = line O2 A; l2 = perpendicular_line A O2A; D = intersection l2 (O1); CD = line C D; E = intersection CD (O1); F = intersection CD (O2); AC = line A C; l3 = perpendicular_line E AC; P = intersection l3 (O2); AD = line A D; l4 = perpendicular_line F AD; Q = intersection l4 (O1); Prove: collinear A P Q
2016IranGOMp2	1.5	A = point; B = point; l = perpendicular_bisector A B; O1 = on_line l; O2 = on_line l; (O1) = circle_center_point O1 A; (O2) = circle_center_point O2 A; l1 = tangent_line A (O1); P = intersection l1 (O2); BP = line B P; Q = intersection BP (O1); l2 = tangent_line Q (O2); C = intersection l2 (O1); D = intersection l2 (O2); Prove: equal_angle C A D D A P
2016IranGOMp4	2.3	A B C = right_triangle; O = circumcenter A B C; (O) = circle_center_point O A; l1 = tangent_line A (O); BC = line B C; P = intersection l1 BC; M = midarc_no A B C; MP = line M P; Q = intersection MP (O); l2 = tangent_line Q (O); AC = line A C; K = intersection l2 AC; KP = line K P; CK = line C K; Prove: perpendicular KP CK
2016IranGOMp5	2.3	A = point; B = point; l = perpendicular_bisector A B; O1 = on_line l; O2 = on_line l; (O1) = circle_center_point O1 A; (O2) = circle_center_point O2 A; O1A = line O1 A; l1 = perpendicular_line A O1A; C = intersection l1 (O2); O2A = line O2 A; l2 = perpendicular_line A O2A; D = intersection l2 (O1); l3 = angle_bisector C A D; E = intersection l3 (O1); F = intersection l3 (O2); l4 = angle_exbisector C A D; X = intersection l4 (O1); Y = intersection l4 (O2); l5 = perpendicular_bisector X Y; O3 = circumcenter B E F; XY = line X Y; l6 = parallel_line O3 XY; T = intersection l5 l6; Prove: concyclic B E F T
2016RMMSLG1	4.2	A = point; B = point; l = perpendicular_bisector A B; O1 = on_line l; O2 = on_line l; (O1) = circle_center_point O1 A; (O2) = circle_center_point O2 A; C = on_circle (O1); BC = line B C; D = intersection BC (O2); O1C = line O1 C; O2D = line O2 D; l1 = perpendicular_line C O1C; l2 = perpendicular_line D O2D; E = intersection l1 l2; O_w = circumcenter A O1 O2; AE = line A E; (O_w) = circle_center_point O_w A; F = intersection AE (O_w); F1 = reflect_point_wrt_point F O_w; Prove: cong E F F F1
2016RMMp1	3.0	A B C = triangle; BC = line B C; D = on_line BC; O1 = circumcenter A B D; (O1) = circle_center_point O1 A; AC = line A C; E = intersection (O1) AC; O2 = circumcenter A C D; (O2) = circle_center_point O2 A; AB = line A B; F = intersection (O2) AB; A1 = reflect_point_wrt_line A BC; A1C = line A1 C; DE = line D E; P = intersection A1C DE; A1B = line A1 B; DF = line D F; Q = intersection A1B DF; AD = line A D; BP = line B P; X = intersection AD BP; Prove: collinear X C Q
2016SilkRoadp2	2.5	A B C = acute_triangle; N = midarc A C B; CN = line C N; A1 = foot A CN; B1 = foot B CN; AC = line A C; A2 = foot A1 AC; BC = line B C; B2 = foot B1 BC; A1A2 = line A1 A2; B1B2 = line B1 B2; K = intersection A1A2 B1B2; M = midpoint A2 B2; Prove: equal_angle A1 K N M K B1
2016USAMOp3	4.0	A B C = acute_triangle; Ib = excenter B C A; Ic = excenter C A B; O = circumcenter A B C; l1 = angle_bisector A B C; AC = line A C; Y = intersection AC l1; l2 = angle_bisector A C B; AB = line A B; Z = intersection AB l2; E = foot B AC; F = foot C AB; FIb = line F Ib; EIc = line E Ic; P = intersection FIb EIc; OP = line O P; YZ = line Y Z; Prove: perpendicular OP YZ
2016USATSTSTp2	3.7	A B C = triangle; H = orthocenter A B C; O = circumcenter A B C; M = midpoint A H; N = midpoint B C; (M) = circle_center_point M A; (O) = circle_center_point O A; G = intersection (M) (O); AN = line A N; Q = intersection (M) AN; MG = line M G; l1 = perpendicular_line G MG; MO = line M O; P = intersection l1 MO; O1 = circumcenter G N Q; (O1) = circle_center_point O1 G; O2 = circumcenter B C M; (O2) = circle_center_point O2 M; T = intersection (O1) (O2); Prove: collinear P N T
2016USATSTSTp6	5.4	A B C = triangle; I = incenter A B C; BC = line B C; D = foot I BC; (I) = circle_center_point I D; AC = line A C; E = foot I AC; AB = line A B; F = foot I AB; EF = line E F; K = foot D EF; O1 = circumcenter A I B; (ABI) = circle_center_point O1 A; C1 C2 = intersection (ABI) (I); O2 = circumcenter A I C; (ACI) = circle_center_point O2 A; B1 B2 = intersection (ACI) (I); M = midpoint D K; O3 = circumcenter B B1 B2; (BB1B2) = circle_center_point O3 B; O4 = circumcenter C C1 C2; (CC1C2) = circle_center_point O4 C; P1 P2 = intersection (BB1B2) (CC1C2); Prove: collinear M P1 P2
2017ARMOg10p2	1.7	A B C = isos_triangle; O = circumcenter A B C; BO = line B O; AC = line A C; B1 = intersection BO AC; CO = line C O; AB = line A B; C1 = intersection CO AB; l = parallel_line C1 AC; O2 = circumcenter B1 O C; F = foot O2 l; Prove: cong O2 F O2 B1
2017ARMOg10p8	3.2	A B C = triangle; O = circumcenter A B C; I = incenter A B C; IO = line I O; B1 = reflect_point_wrt_line B IO; O1 = circumcenter B B1 I; O1B1 = line O1 B1; l1 = perpendicular_line B1 O1B1; O1I = line O1 I; l2 = perpendicular_line I O1I; T = intersection l1 l2; Prove: collinear A C T
2017ARMOg9p2	1.6	A B C D = isos_trapezoid; l = perpendicular_bisector B C; O = on_line l; (O) = circle_center_point O B; AB = line A B; X = intersection AB (O); BD = line B D; Y = intersection BD (O); OC = line O C; l1 = perpendicular_line C OC; AD = line A D; Z = intersection l1 AD; Prove: collinear X Y Z
2017AsiaPacificMOp2	2.1	A B C = triangle; l1 = angle_bisector B A C; (ABC) = circle A B C; D = intersection (ABC) l1; l2 = perpendicular_bisector A C; l3 = angle_exbisector B A C; Z = intersection l2 l3; N = midpoint A B; Prove: concyclic A D Z N
2017BalkanMOp2	2.9	A B C = acute_triangle; O = circumcenter A B C; (O) = circle_center_point O A; OB = line O B; OC = line O C; t1 = perpendicular_line B OB; t2 = perpendicular_line C OC; L = intersection t1 t2; AC = line A C; l1 = parallel_line B AC; D = intersection l1 t2; AB = line A B; l2 = parallel_line C AB; E = intersection l2 t1; O1 = circumcenter B C D; (O1) = circle_center_point O1 B; T = intersection AC (O1); O2 = circumcenter B C E; (O2) = circle_center_point O2 B; S = intersection AB (O2); ST = line S T; AL = line A L; X = intersection ST AL; Prove: collinear X B C
2017CHNGaoLian	2.6	A B C = isos_triangle; I = incenter A B C; l = perpendicular_bisector B I; O3 = on_line l; (A) = circle_center_point A B; (A) = circle_center_point A B; (I) = circle_center_point I B; (O3) = circle_center_point O3 B; P = intersection (O3) (A); Q = intersection (O3) (I); IP = line I P; BQ = line B Q; R = intersection IP BQ; BR = line B R; CR = line C R; Prove: perpendicular BR CR
2017CHNSouthEastMOg10p2	2.8	A B C = acute_triangle; D = midpoint B C; K = midpoint A D; AB = line A B; E = foot D AB; AC = line A C; F = foot D AC; EK = line E K; BC = line B C; M = intersection EK BC; FK = line F K; N = intersection FK BC; O1 = circumcenter D E M; O2 = circumcenter D F N; O1O2 = line O1 O2; Prove: parallel O1O2 BC
2017CHNWesternMOp3	4.2	A B C = triangle; BC = line B C; D = on_line BC; I1 = incenter A B D; I2 = incenter A C D; O1 = circumcenter A I1 D; O2 = circumcenter A I2 D; I1O2 = line I1 O2; I2O1 = line I2 O1; P = intersection I1O2 I2O1; DP = line D P; Prove: perpendicular DP BC
2017CTSTp14	4.7	A B C D = quadrilateral; BC = line B C; P = foot A BC; BD = line B D; Q = foot A BD; CD = line C D; R = foot A CD; AC = line A C; X = foot D AC; Y = foot D BC; AB = line A B; Z = foot D AB; H = orthocenter A B D; O1 = circumcenter P Q R; O2 = circumcenter X Y Z; (PQR) = circle_center_point O1 P; (XYZ) = circle_center_point O2 X; K1 K2 = intersection (PQR) (XYZ); M = midpoint B H; Prove: collinear M K1 K2
2017CTSTp9	3.8	A B C D = quadrilateral; l = line; AB = line A B; X = intersection l AB; CD = line C D; X1 = intersection l CD; BC = line B C; Y = intersection l BC; AD = line A D; Y1 = intersection l AD; AC = line A C; Z = intersection l AC; BD = line B D; Z1 = intersection l BD; M1 = midpoint X X1; M2 = midpoint Y Y1; M3 = midpoint Z Z1; (M1) = circle_center_point M1 X; (M2) = circle_center_point M2 Y; T = intersection (M1) (M2); TZ = line T Z; TZ1 = line T Z1; Prove: perpendicular TZ TZ1
2017CzechAPSlovakp2	3.3	A B C = acute_triangle; (ABC) = circumcircle A B C; D = on_circle (ABC); l1 = angle_equal1 B D B C A; l2 = angle_equal1 C D C B A; E = intersection l1 l2; BC = line B C; l3 = parallel_line E BC; AD = line A D; F = intersection AD l3; (F) = circle_center_point F A; G = intersection (ABC) (F); Prove: concyclic D E F G
2017CzechAPSlovakp4	2.0	A B C = triangle; AB = line A B; D = on_line AB; AC = line A C; BC = line B C; l = parallel_line D BC; E = intersection l AC; O = circumcenter A B C; (O) = circle_center_point O A; F G = intersection l (O); O1 = circumcenter B E F; (O1) = circle_center_point O1 F; O2 = circumcenter C D G; (O2) = circle_center_point O2 D; P = intersection (O1) (O2); Q = intersection (O1) (O2); Prove: collinear A P Q
2017EGMOp6	3.5	A B C = acute_triangle; G X Y Z = centroid A B C; O = circumcenter A B C; BC = line B C; G1 = reflect_point_wrt_line G BC; AC = line A C; G2 = reflect_point_wrt_line G AC; AB = line A B; G3 = reflect_point_wrt_line G AB; O1 = reflect_point_wrt_line O BC; O2 = reflect_point_wrt_line O AC; O3 = reflect_point_wrt_line O AB; (CG1G2) = circle C G1 G2; (ABC) = circle A B C; P = intersection (ABC) (CG1G2); Prove: concyclic P O2 O3 A
2017EuropeanMCupSp3	3.5	A B C = triangle; I = incenter A B C; BC = line B C; D = foot I BC; (I) = circle_center_point I D; AC = line A C; E = foot I AC; AB = line A B; F = foot I AB; AD = line A D; X = intersection AD (I); FX = line F X; O1 = circumcenter A F E; (AEF) = circle_center_point O1 A; M = intersection FX (AEF); AM = line A M; DE = line D E; L = intersection AM DE; Q = midpoint A E; LQ = line L Q; O2 = circumcenter A L D; (ADL) = circle_center_point O2 A; T = intersection LQ (ADL); S = parallelogram A T F; O3 = circumcenter A S X; (ASX) = circle_center_point O3 A; ST = line S T; N = intersection (ASX) ST; U = circumcenter A N T; V = circumcenter A L S; Prove: collinear A U V
2017G3	2.7	A B C = acute_triangle; O = circumcenter A B C; H = orthocenter A B C; M = midpoint B C; AO = line A O; BH = line B H; P = intersection AO BH; CH = line C H; Q = intersection AO CH; O1 = circumcenter P Q H; Prove: collinear O1 A M
2017G4	3.2	A B C = triangle; I1 = excenter A B C; BC = line B C; D = foot I1 BC; AC = line A C; E = foot I1 AC; AB = line A B; F = foot I1 AB; (I1) = circle_center_point I1 D; O1 = circumcenter A E F; (AEF) = circle_center_point O1 A; P = intersection BC (AEF); Q = intersection BC (AEF); M = midpoint A D; O2 = circumcenter M P Q; (MPQ) = circle_center_point O2 M; U = intersection (MPQ) (I1); Prove: collinear I1 U O2
2017G5	4.1	l = line; B C A = isos_triangle; A1 = reflect A l; B1 = reflect B l; C1 = reflect C l; AC1 = line A C1; A1C = line A1 C; D = intersection AC1 A1C; O1 = circumcenter A B C; O2 = circumcenter A1 B C1; (A1BC1) = circle_center_point O2 B; (ABC) = circle_center_point O1 A; E = intersection (A1BC1) (ABC); BB1 = line B B1; DE = line D E; X = intersection BB1 DE; Prove: concyclic X A B C
2017IOMetrop1	2.0	A B C D = parallelogram; AC = line A C; K = on_line AC; l = angle_equal1 D A A B K; L = intersection AC l; BK = line B K; O = circumcenter A B C; (O) = circle_center_point O A; E = intersection BK (O); EL = line E L; F = intersection EL (O); BF = line B F; Prove: parallel BF AC
2017IranGOAp3	3.2	A B C = triangle; O = circumcenter A B C; BC = line B C; l1 = perpendicular_line A BC; CO = line C O; K = intersection CO l1; P = midpoint A K; M = midpoint A C; OP = line O P; Y = intersection OP BC; AB = line A B; O1 = circumcenter B C M; (BCM) = circle_center_point O1 B; X = intersection AB (BCM); Prove: concyclic B X O Y
2017IranGOMp2	2.1	A = point; B = point; l = perpendicular_bisector A B; O1 = on_line l; O2 = on_line l; (O1) = circle_center_point O1 A; (O2) = circle_center_point O2 A; T = point; BT = line B T; C = intersection BT (O1); D = intersection BT (O2); (C) = circle_center_point C B; E = intersection (O1) (C); (D) = circle_center_point D B; F = intersection (O2) (D); BF = line B F; P = intersection BF (O1); BE = line B E; Q = intersection BE (O2); Prove: collinear A P Q
2017IranTSTp18	4.5	A B C = triangle; O = circumcenter A B C; H = orthocenter A B C; OH = line O H; P = reflect_point_wrt_line A OH; AB = line A B; (B) = circle_center_radius B P C; E = intersection AB (B); AC = line A C; (C) = circle_center_radius C P B; F = intersection AC (C); AP = line A P; OH = line O H; K = intersection AP OH; EK = line E K; FK = line F K; Prove: perpendicular EK FK
2017RMMSLG1	3.1	A B C D = trapezoid; AB = line A B; E = on_line AB; CD = line C D; F = on_line CD; AD = line A D; (AEF) = circle A E F; A1 = intersection AD (AEF); BC = line B C; (CEF) = circle C E F; C1 = intersection BC (CEF); A1C1 = line A1 C1; BD = line B D; X = intersection A1C1 BD; Prove: collinear X E F
2017SilkRoadp2	2.5	A B C = triangle; (ABC) = circumcircle A B C; D = on_circle (ABC); AC = line A C; BD = line B D; O = intersection AC BD; AO = line A O; E = on_line AO; DO = line D O; F = on_line DO; EF = line E F; E1 F1 = intersection EF (ABC); (ADE) = circle A D E; E2 = intersection (ADE) EF; (BCF) = circle B C F; F2 = intersection (BCF) EF; Prove: cong E1 E2 F1 F2
2017USAMOp3	3.8	A B C = triangle; I = incenter A B C; AI = line A I; BC = line B C; D = intersection AI BC; O = circumcenter A B C; (O) = circle_center_point O A; M = intersection AI (O); (DM) = circle_diameter D M; K = intersection (DM) (O); KM = line K M; S = intersection KM BC; N = midpoint I S; O1 = circumcenter D I K; (O1) = circle_center_point O1 K; O2 = circumcenter A M N; (O2) = circle_center_point O2 M; L = intersection (O1) (O2); P = midpoint I L; Prove: concyclic A B C P
2017USATSTSTp5	2.9	A B C = triangle; I = incenter A B C; BC = line B C; D = on_line BC; Ib = incenter A B D; Ic = incenter A C D; E = foot Ib BC; F = foot Ic BC; AD = line A D; IbIc = line Ib Ic; P = intersection AD IbIc; BI = line B I; CP = line C P; X = intersection BI CP; CI = line C I; BP = line B P; Y = intersection CI BP; EX = line E X; FY = line F Y; Q = intersection EX FY; D1 = foot I BC; Prove: cong Q I D1 I
2018ARMOg10p2	2.5	A B C = acute_triangle; M = midpoint A B; N = midpoint A C; BC = line B C; D = foot A BC; l1 = perpendicular_bisector B C; MN = line M N; K = intersection MN l1; DK = line D K; (ABC) = circle A B C; Q = intersection DK (ABC); Prove: concyclic C N K Q
2018ARMOg11p4	3.9	A B C = triangle; AB = line A B; P = on_line AB; BC = line B C; l1 = parallel_line P BC; AC = line A C; Q = intersection AC l1; BQ = line B Q; CP = line C P; O = intersection BQ CP; A1 = reflect_point_wrt_line A BC; A1O = line A1 O; O1 = circumcenter A P Q; (O1) = circle_center_point O1 A; S = intersection A1O (O1); O2 = circumcenter B C S; Prove: collinear S O1 O2
2018CGMOp2	2.7	A B C = triangle; AB = line A B; D = on_line AB; BC = line B C; l1 = parallel_line D BC; AC = line A C; E = intersection AC l1; O1 = circumcenter A B E; O2 = circumcenter A C D; O1O2 = line O1 O2; P = intersection O1O2 AC; Q = intersection O1O2 AB; O3 = circumcenter A P Q; AO3 = line A O3; M = intersection AO3 BC; Prove: midpoint M B C
2018CHNWesternMOp5	1.4	A B C = acute_triangle; O = circumcenter A B C; M = midpoint B C; O1 = circumcenter A O M; (O1) = circle A M O; AB = line A B; D = intersection (O1) AB; AC = line A C; E = intersection (O1) AC; Prove: cong D M E C
2018CMOp4	3.2	A B C = triangle; (ABC) = circle A B C; D = on_circle (ABC); AC = line A C; BD = line B D; P = intersection AC BD; O1 = circumcenter A P D; (ADP) = circle_center_point O1 A; AB = line A B; E = intersection (ADP) AB; O2 = circumcenter B P C; (BCP) = circle_center_point O2 B; F = intersection (BCP) AB; I = incenter A D E; J = incenter B C F; IJ = line I J; K = intersection IJ AC; Prove: concyclic A I K E
2018CTSTp21	4.2	A B C = isos_triangle; BC = line B C; D = on_line BC; AC = line A C; AB = line A B; l1 = parallel_line D AB; E = intersection AC l1; l2 = parallel_line D AC; F = intersection AB l2; O1 = circumcenter A B C; O2 = circumcenter A E F; (O1) = circle_center_point O1 A; (O2) = circle_center_point O2 A; G = intersection (O1) (O2); DE = line D E; K = intersection DE (O2); KG = line K G; l3 = perpendicular_line G KG; L = intersection (O1) l3; CG = line C G; l4 = perpendicular_line G CG; M = intersection (O2) l4; P = circumcenter D G L; Q = circumcenter D G M; Prove: concyclic A G P Q
2018CzechAPSlovakp2-	3.1	A B C = acute_triangle; AB = line A B; D = on_line AB; AC = line A C; (C) = circle_center_radius C B D; E = intersection AC (C); O1 = circumcenter A B E; O2 = circumcenter A C D; O = circumcenter A B C; (O) = circle_center_point O A; O3 = circumcenter A D E; (O3) = circle_center_point O3 A; X = intersection (O) (O3); O4 = circumcenter A O1 O2; Prove: cong X O4 A O4
2018EuropeanMCupSp2	2.4	A B C = triangle; O = circumcenter A B C; (O) = circle_center_point O A; M = midarc_no B C A; AB = line A B; l1 = perpendicular_line M AB; D = intersection l1 (O); AC = line A C; l2 = perpendicular_line M AC; E = intersection l2 (O); CD = line C D; MO = line M O; X = intersection CD MO; BE = line B E; Y = intersection BE MO; Ob = circumcenter B D X; (Ob) = circle_center_point Ob B; (CEY) = circumcircle C E Y; G = intersection (Ob) AB; H = intersection (CEY) AC; Oa = circumcenter A G H; Prove: cong O Oa O Ob
2018G2	2.7	A B C = isos_triangle; M = midpoint B C; BC = line B C; l1 = parallel_line A BC; P = on_line l1; PB = line P B; X = on_line PB; ω1 = angle_equal2 M P P X M; PC = line P C; Y = intersection PC ω1; Prove: concyclic A P X Y
2018G4	3.3	A B C = triangle; T = point; BC = line B C; A1 = reflect_point_wrt_line T BC; AC = line A C; B1 = reflect_point_wrt_line T AC; AB = line A B; C1 = reflect_point_wrt_line T AB; O = circumcenter A1 B1 C1; (O) = circle_center_point O A1; A1T = line A1 T; A2 = intersection A1T (O); B1T = line B1 T; B2 = intersection B1T (O); C1T = line C1 T; C2 = intersection C1T (O); AA2 = line A A2; X = intersection AA2 (O); Prove: collinear X B B2
2018G5	4.3	A B C = triangle; O = circumcenter A B C; (ABC) = circle_center_point O A; I = incenter A B C; l = line; AI = line A I; D = intersection l AI; BI = line B I; E = intersection l BI; CI = line C I; F = intersection l CI; l1 = perpendicular_bisector A D; l2 = perpendicular_bisector B E; l3 = perpendicular_bisector C F; P = intersection l2 l3; Q = intersection l1 l3; R = intersection l1 l2; O1 = circumcenter P Q R; (PQR) = circle_center_point O1 P; T = intersection (ABC) (PQR); Prove: collinear T O1 O
2018IranGOAp1	1.9	A = point; B = point; l = perpendicular_bisector A B; O1 = on_line l; O2 = on_line l; (O1) = circle_center_point O1 A; (O2) = circle_center_point O2 A; l1 = ex_common_tangent (O1) (O2); P = intersection l1 (O1); Q = intersection l1 (O2); X = on_circle (O1); AX = line A X; Y = intersection AX (O2); (Q) = circle_center_point Q Y; Y1 = intersection (O2) (Q); BY1 = line B Y1; X1 = intersection BY1 (O1); Prove: cong P X P X1
2018IranGOMp3	2.9	A = point; B = point; l = perpendicular_bisector A B; O1 = on_line l; O2 = on_line l; (O1) = circle_center_point O1 A; (O2) = circle_center_point O2 A; BO1 = line B O1; C = intersection BO1 (O2); AO2 = line A O2; D = intersection AO2 (O1); AC = line A C; X = intersection AC (O1); BD = line B D; Y = intersection BD (O2); Prove: cong C X D Y
2018KoMaLA719	4.7	A B C = triangle; O = circumcenter A B C; I = incenter A B C; Ia = excenter A B C; Ib = excenter B C A; Ic = excenter C A B; BC = line B C; A1 = foot Ia BC; AC = line A C; B1 = foot Ib AC; AB = line A B; C1 = foot Ic AB; P = orthocenter A B1 C1; H = orthocenter A B C; M = midpoint P A1; HM = line H M; IO = line I O; Prove: parallel HM IO
2018KoMaLA726	2.9	A B C = triangle; I = incenter A B C; AI = line A I; O = circumcenter A B C; (O) = circle_center_point O A; S = intersection AI (O); BC = line B C; J = reflect_point_wrt_line I BC; JS = line J S; P = intersection JS (O); Prove: cong A I I P
2018RMMp1	2.1	A B C = triangle; (ABC) = circle A B C; D = on_circle (ABC); AB = line A B; P = on_line AB; AC = line A C; DP = line D P; Q = intersection AC DP; CD = line C D; l1 = parallel_line P CD; BC = line B C; K = intersection l1 BC; BD = line B D; l2 = parallel_line Q BD; L = intersection l2 BC; O1 = circumcenter B K P; (O1) = circle_center_point O1 B; O2 = circumcenter C L Q; (O2) = circle_center_point O2 C; T = intersection (O1) (O2); Prove: collinear O1 O2 T
2018SilkRoadp1	1.4	A B C = acute_triangle; AB = line A B; H = foot C AB; AC = line A C; l1 = parallel_line H AC; BC = line B C; L = intersection l1 BC; l2 = parallel_line H BC; K = intersection l2 AC; BL = line B L; P = foot H BL; HL = line H L; Q = foot B HL; HK = line H K; X = foot A HK; AK = line A K; Y = foot H AK; Prove: collinear P Q X Y
2018USAMOp5	3.7	A B C = triangle; (ABC) = circle A B C; D = on_circle (ABC); AC = line A C; BD = line B D; E = intersection AC BD; AB = line A B; CD = line C D; F = intersection AB CD; BC = line B C; AD = line A D; G = intersection BC AD; O1 = circumcenter A B E; (ABE) = circle_center_point O1 A; P = intersection BC (ABE); O2 = circumcenter A D E; (ADE) = circle_center_point O2 A; Q = intersection CD (ADE); FP = line F P; GQ = line G Q; M = intersection FP GQ; AM = line A M; Prove: perpendicular AM AC
2019ARMOg10p4	3.1	A B C = acute_triangle; l = perpendicular_bisector A B; O = on_line l; ω = circle_center_point O A; AC = line A C; A1 = intersection ω AC; BC = line B C; B1 = intersection ω BC; O1 = circumcenter A1 B1 C; (A1B1C) = circle_center_point O1 A1; O2 = circumcenter A B C; (ABC) = circle_center_point O2 A; P = intersection (A1B1C) (ABC); AB1 = line A B1; A1B = line A1 B; S = intersection AB1 A1B; Q = reflect_point_wrt_line S AC; R = reflect_point_wrt_line S BC; Prove: concyclic P Q R C
2019ARMOg10p6	2.3	A B C = acute_triangle; l1 = angle_bisector A B C; AC = line A C; L = intersection l1 AC; O = circumcenter A B C; D = midarc_no B A C; E = midarc_no B C A; (AB) = circle_diameter A B; BD = line B D; P = intersection BD (AB); (BC) = circle_diameter B C; BE = line B E; Q = intersection BE (BC); M = midpoint B L; Prove: collinear M P Q
2019ARMOg9p3	3.2	A B C = acute_triangle; O = circumcenter A B C; (O) = circle_center_point O A; H = orthocenter A B C; BO = line B O; ω1 = angle_equal2 A C C B A; D = intersection BO ω1; l2 = parallel_line H BO; E = intersection l2 (O); Prove: cong B H D E
2019BalkanMOp3	3.1	A B C = acute_triangle; BC = line B C; X = on_line BC; l1 = angle_equal1 A B C A X; Y = intersection BC l1; AX = line A X; K = foot B AX; AY = line A Y; S = foot B AY; T = foot C AX; L = foot C AY; KL = line K L; ST = line S T; P = intersection KL ST; Prove: collinear P B C
2019CGMOp1	2.9	A B C = triangle; O = circumcenter A B C; (O) = circle_center_point O A; D = on_circle (O); OA = line O A; OB = line O B; l1 = perpendicular_line A OA; l2 = perpendicular_line B OB; L = intersection l1 l2; M = midpoint A B; CM = line C M; l3 = parallel_line D CM; O1 = circumcenter C D L; (O1) = circle_center_point O1 C; F = intersection l3 (O1); CF = line C F; DM = line D M; K = intersection CF DM; E = intersection CF (O); Prove: cong E K D K
2019CGMOp7	3.7	B C E = triangle; (BCE) = circle B C E; F = on_circle (BCE); BF = line B F; CE = line C E; A = intersection BF CE; BE = line B E; CF = line C F; P = intersection BE CF; AP = line A P; BC = line B C; D = intersection AP BC; M = midpoint E F; AD = line A D; B1 = reflect_point_wrt_line B AD; C1 = reflect_point_wrt_line C AD; B1C1 = line B1 C1; EF = line E F; K = intersection B1C1 EF; Prove: concyclic A M P K
2019CHNNorthernMOp5	1.6	(O1) = circle; (O2) = circle; O1 = circumcenter (O1); O2 = circumcenter (O2); A B = intersection (O1) (O2); l = angle_bisector O1 A O2; C = intersection l (O1); D = intersection l (O2); (BCD) = circle B C D; P = on_circle (BCD); CP = line C P; E = intersection CP (O1); DP = line D P; F = intersection DP (O2); EP = line E P; FP = line F P; Prove: cong E P F P
2019CHNWesternMOp5	2.9	A B C = acute_triangle; O = circumcenter A B C; H = orthocenter A B C; AB = line A B; l1 = parallel_line H AB; AC = line A C; M = intersection l1 AC; l2 = parallel_line H AC; N = intersection l2 AB; MN = line M N; L = reflect_point_wrt_line H MN; LO = line L O; AH = line A H; K = intersection LO AH; Prove: concyclic K M L N
2019CMOp3	3.6	A B C = triangle; O = circumcenter A B C; l = angle_bisector B A C; l1 = parallel_line O l; BC = line B C; E = intersection BC l1; l3 = perpendicular_line E BC; D = intersection l l3; BE = line B E; (E,A) = circle_center_point E A; K = intersection BE (E,A); (ADK) = circle A D K; P = intersection (ADK) BC; (ABC) = circle A B C; Q = intersection (ADK) (ABC); PQ = line P Q; OQ = line O Q; Prove: perpendicular OQ PQ
2019CTSTp1	4.6	A B E = isos_triangle; O = circumcenter A B E; (O) = circle_center_point O A; C = on_circle (O); (C) = circle_center_radius C B A; D = intersection (O) (C); M = midpoint B C; N = midpoint D E; H = orthocenter A B E; G G1 G2 G3 = centroid A M N; CE = line C E; BD = line B D; P = intersection CE BD; OG = line O G; PH = line P H; T = intersection OG PH; AT = line A T; CD = line C D; Prove: perpendicular AT CD
2019CzechAPSlovakp6	4.3	A B X = equilateral_triangle; AX = line A X; C = on_line AX; BC = line B C; AC = line A C; AB = line A B; D = foot A BC; E = foot B AC; F = foot C AB; H = orthocenter A B C; K = midpoint B C; L = midpoint C A; M = midpoint A B; P1 = midpoint A H; P2 = midpoint D K; P3 = midpoint E L; P4 = midpoint F M; Prove: concyclic P1 P2 P3 P4
2019ELMOSLp1	3.1	A B C = acute_triangle; H = orthocenter A B C; BH = line B H; AC = line A C; E = intersection BH AC; CH = line C H; AB = line A B; F = intersection CH AB; AH = line A H; (ABC) = circle A B C; P = intersection AH (ABC); EP = line E P; Q = intersection EP (ABC); EF = line E F; BQ = line B Q; M = intersection EF BQ; Prove: midpoint M E F
2019ELMOSLp3	3.5	A B C = acute_triangle; I = incenter A B C; O = circumcenter A B C; BC = line B C; D = foot I BC; AC = line A C; E = foot I AC; AB = line A B; F = foot I AB; A1 = reflect A O; (ABC) = circle A B C; O1 = circumcenter A1 E F; (A1EF) = circle A1 E F; G = intersection (ABC) (A1EF); M = midpoint E F; O2 = circumcenter A M G; (AGM) = circle A G M; H = intersection (AGM) (A1EF); GH = line G H; EF = line E F; T = intersection GH EF; DT = line D T; Prove: perpendicular DT EF
2019ELMOSLp4	4.7	A B C = triangle; AC = line A C; E = foot B AC; AB = line A B; F = foot C AB; H = orthocenter A B C; BC = line B C; A1 = reflect_point_wrt_line A BC; O = circumcenter A B C; O1 = circumcenter A A1 E; O2 = circumcenter A A1 F; (ABC) = circle_center_point O A; (AA1E) = circle_center_point O1 A; P = intersection (ABC) (AA1E); (AA1F) = circle_center_point O2 A; Q = intersection (ABC) (AA1F); PQ = line P Q; R = intersection BC PQ; EF = line E F; HR = line H R; Prove: parallel EF HR
2019G1	1.2	A B C = triangle; O = point; AB = line A B; Γ = circle_center_point O A; D = intersection Γ AB; AC = line A C; E = intersection Γ AC; BC = line B C; F = intersection BC Γ; G = intersection BC Γ; (BDF) = circle B D F; l1 = tangent F (BDF); (CEG) = circle C E G; l2 = tangent G (CEG); T = intersection l1 l2; AT = line A T; Prove: parallel AT BC
2019G2	2.1	A B C = acute_triangle; BC = line B C; D = foot A BC; AC = line A C; E = foot B AC; AB = line A B; F = foot C AB; DF = line D F; I1 = incenter B D F; M = foot I1 DF; I2 = incenter C D E; DE = line D E; N = foot I2 DE; MN = line M N; (I1) = circle_center_point I1 M; P = intersection MN (I1); (I2) = circle_center_point I2 N; Q = intersection MN (I2); Prove: cong M P N Q
2019GOTEEMp1	2.5	A B C = triangle; I = incenter A B C; BC = line B C; CA = line C A; AB = line A B; D = foot I BC; E = foot I CA; F = foot I AB; (I) = circle_center_point I D; O1 = midpoint A D; (O1) = circle_center_point O1 A; G = intersection (I) (O1); DG = line D G; EF = line E F; P = intersection DG EF; AP = line A P; Prove: parallel AP BC
2019GOTEEMp2	2.7	A B C = acute_triangle; BC = line B C; D = foot A BC; AC = line A C; E = foot B AC; AB = line A B; F = foot C AB; l1 = perpendicular_line A AB; DE = line D E; P = intersection DE l1; l2 = perpendicular_line A AC; DF = line D F; Q = intersection DF l2; PQ = line P Q; T = intersection PQ BC; M = midpoint B C; AM = line A M; AT = line A T; Prove: perpendicular AM AT
2019GOTEEMp6	3.6	A B C = triangle; O = circumcenter A B C; (O) = circle_center_point O A; l1 = angle_bisector B A C; BC = line B C; D = intersection BC l1; OA = line O A; l2 = perpendicular_line A OA; T = intersection l2 BC; O1 = circumcenter A O D; (ADO) = circle_center_point O1 A; X = intersection (O) (ADO); (DOT) = circle D O T; (ATX) = circle A T X; M = intersection (DOT) (ATX); MX = line M X; O1X = line O1 X; Prove: perpendicular O1X MX
2019IOMetrop3	4.2	A B C = triangle; I = incenter A B C; O = circumcenter A B C; IO = line I O; s = perpendicular_line I IO; BC = line B C; B1 = reflect_point_wrt_line B s; C1 = reflect_point_wrt_line C s; l = line B1 C1; AB = line A B; K = intersection AB l; AC = line A C; L = intersection AC l; M = circumcenter A K L; Prove: collinear M I O
2019IranGOAp1	2.1	A = point; B = point; l = perpendicular_bisector A B; O1 = on_line l; O2 = on_line l; (O1) = circle_center_point O1 A; (O2) = circle_center_point O2 A; O1A = line O1 A; l1 = perpendicular_line A O1A; AB = line A B; l2 = perpendicular_line B AB; C = intersection l1 l2; P = on_circle (O2); CP = line C P; Q = intersection CP (O2); AP = line A P; X = intersection AP (O1); AQ = line A Q; Z = intersection AQ (O1); Y = foot A CP; Prove: collinear X Y Z
2019IranGOMp3	3.3	P = point; O1 = point; O2 = point; O3 = point; (O1) = circle_center_point O1 P; (O2) = circle_center_point O2 P; (O3) = circle_center_point O3 P; PO1 = line P O1; PO2 = line P O2; PO3 = line P O3; l1 = perpendicular_line P PO1; l2 = perpendicular_line P PO2; l3 = perpendicular_line P PO3; P12 = intersection l1 (O2); P13 = intersection l1 (O3); P21 = intersection l2 (O1); P23 = intersection l2 (O3); P31 = intersection l3 (O1); P32 = intersection l3 (O2); m1 = perpendicular_bisector P12 P13; m2 = perpendicular_bisector P21 P23; S = intersection m1 m2; Prove: cong S P31 S P32
2019IranGOMp4	3.7	A B C D = parallelogram; AD = line A D; (B) = circle_center_point B A; K = intersection AD (B); AB = line A B; P = on_line AB; l1 = perpendicular_bisector C P; O1 = circumcenter A D P; (ADP) = circle_center_point O1 A; X Y = intersection l1 (ADP); H = orthocenter A X Y; Prove: concyclic H A B K
2019IranTSTp15	4.1	K B C = triangle; B1 = reflect_point_wrt_point B K; C1 = reflect_point_wrt_point C K; B1C1 = line B1 C1; l1 = angle_bisector B K C; A = intersection B1C1 l1; M = midpoint B C; N = midpoint C A; P = midpoint A B; MN = line M N; BK = line B K; E = intersection MN BK; MP = line M P; CK = line C K; F = intersection MP CK; BC = line B C; H = foot A BC; O1 = circumcenter A K H; O2 = circumcenter H E F; (O1) = circle_center_point O1 A; (O2) = circle_center_point O2 H; L = intersection (O1) (O2); MK = line M K; EF = line E F; X = intersection MK EF; Prove: collinear X H L
2019KoMaLA729	2.6	A B C = triangle; (ABC) = circle A B C; D = on_circle (ABC); AC = line A C; BD = line B D; E = intersection AC BD; F = midpoint A B; AD = line A D; P = foot E AD; AB = line A B; Q = foot E AB; BC = line B C; R = foot E BC; Prove: concyclic P Q R F
2019KoMaLA736	4.3	A B C = triangle; P = point; A1 = reflect A P; B1 = reflect B P; C1 = reflect C P; BC = line B C; A2 = reflect_point_wrt_line A1 BC; AC = line A C; B2 = reflect_point_wrt_line B1 AC; AB = line A B; C2 = reflect_point_wrt_line C1 AB; A2B2 = line A2 B2; Ab = intersection A2B2 AC; A2C2 = line A2 C2; Ac = intersection A2C2 AB; B2C2 = line B2 C2; Bc = intersection B2C2 AB; Ba = intersection A2B2 BC; Ca = intersection A2C2 BC; Cb = intersection B2C2 AC; O1 = circumcenter A Ab Ac; (O1) = circle_center_point O1 A; O2 = circumcenter B Bc Ba; (O2) = circle_center_point O2 B; Oc = circumcenter C Ca Cb; Z = intersection (O1) (O2); Prove: concyclic Z Ca Cb C
2019KoMaLA742	3.9	A B C = triangle; O = circumcenter A B C; (O) = circle_center_point O A; D = on_circle (O); AD = line A D; BC = line B C; E = intersection AD BC; M = midarc_no A B C; N = midarc_no C D A; I = incenter A B D; J = incenter A B C; K = incenter B C D; L = incenter C D A; O1 = circumcenter I J M; (O1) = circle_center_point O1 I; U = intersection (O1) (O); O2 = circumcenter K L N; (O2) = circle_center_point O2 K; V = intersection (O2) (O); Prove: collinear E U V
2019KoMaLA743	2.8	T1 T2 T3 = triangle; I = circumcenter T1 T2 T3; (I) = circle_center_point I T1; T4 = on_circle (I); IT1 = line I T1; IT2 = line I T2; IT3 = line I T3; IT4 = line I T4; l1 = perpendicular_line T1 IT1; l2 = perpendicular_line T2 IT2; l3 = perpendicular_line T3 IT3; l4 = perpendicular_line T4 IT4; A = intersection l1 l2; B = intersection l2 l3; C = intersection l3 l4; D = intersection l4 l1; BD = line B D; P Q = intersection BD (I); AC = line A C; γ1 = perpendicular_line I AC; U V = intersection (I) γ1; PU = line P U; QV = line Q V; X = intersection PU QV; Prove: collinear A C X
2019KoMaLA754	3.8	A B C = acute_triangle; O = circumcenter A B C; P = point; l1 = angle_equal1 A C B A P; l2 = angle_equal1 B A C B P; Q = intersection l1 l2; L = midarc_no B C A; M = midarc_no C A B; N = midarc_no A B C; LQ = line L Q; Oa = circumcenter B C P; (BCP) = circle_center_point Oa P; Xa = intersection LQ (BCP); MQ = line M Q; Ob = circumcenter A C P; (ACP) = circle_center_point Ob P; Xb = intersection MQ (ACP); NQ = line N Q; Oc = circumcenter A B P; (ABP) = circle_center_point Oc P; Xc = intersection NQ (ABP); Prove: concyclic P Xa Xb Xc
2019RMMSLG1	3.3	A B C = acute_triangle; M = midpoint A C; O = circumcenter B M C; OC = line O C; t1 = perpendicular_line C OC; BC = line B C; l1 = perpendicular_line B BC; K = intersection l1 t1; AK = line A K; BM = line B M; J = intersection AK BM; O1 = circumcenter B J K; Prove: collinear A C O1
2019RMMp2	3.3	A D C B = isos_trapezoid; E = midpoint A C; O1 = circumcenter A B E; O2 = circumcenter C D E; O1A = line O1 A; O2D = line O2 D; l1 = perpendicular_line A O1A; l2 = perpendicular_line D O2D; P = intersection l1 l2; EP = line E P; O2E = line O2 E; Prove: perpendicular EP O2E
2019SilkRoadp1	2.5	A B C = acute_triangle; H = orthocenter A B C; AB = line A B; C1 = foot C AB; C1H = line C1 H; K = on_line C1H; AC = line A C; L = foot K AC; BC = line B C; M = foot K BC; AM = line A M; BL = line B L; N = intersection AM BL; Prove: equal_angle A N K H N L
2019USATSTSTp5	3.5	A B C = acute_triangle; H = orthocenter A B C; O = circumcenter A B C; (ABC) = circle A B C; AB = line A B; E = on_line AB; EH = line E H; AC = line A C; F = intersection EH AC; K = circumcenter A E F; AK = line A K; D = intersection AK (ABC); BC = line B C; l1 = perpendicular_line D BC; HK = line H K; X = intersection l1 HK; Prove: concyclic X A B C
2019USEMOp6	4.8	A B C = acute_triangle; O = circumcenter A B C; BC = line B C; D = foot A BC; AC = line A C; E = foot B AC; AB = line A B; F = foot C AB; X = midpoint A D; Y = midpoint B E; Z = midpoint C F; AD = line A D; YZ = line Y Z; P = intersection AD YZ; BE = line B E; XZ = line X Z; Q = intersection BE XZ; CF = line C F; XY = line X Y; R = intersection CF XY; A1 = intersection YZ BC; QR = line Q R; EF = line E F; D1 = intersection QR EF; l1 = perpendicular_line A QR; PR = line P R; l2 = perpendicular_line B PR; A1D1 = line A1 D1; K1 = intersection l1 l2; K1O = line K1 O; Prove: perpendicular K1O A1D1
2020AQGOp1	3.7	A B C = triangle; O = circumcenter A B C; H = orthocenter A B C; BC = line B C; D = foot A BC; (O) = circle_center_point O A; V = on_circle (O); DV = line D V; U = intersection DV (O); M = midpoint B C; MU = line M U; X = intersection MU (O); AX = line A X; Y = intersection AX BC; O1 = circumcenter M V Y; (O1) = circle_center_point O1 Y; Z = intersection (O1) (O); HO = line H O; Z1 = reflect_point_wrt_line Z HO; O2 = circumcenter H O Z1; (O2) = circle_center_point O2 Z1; T = intersection (O2) (O); Prove: collinear T Z M
2020AQGOp3	5.7	A B C = triangle; O = circumcenter A B C; M = midpoint A B; N = midpoint A C; MN = line M N; T = foot O MN; BC = line B C; D = foot A BC; DT = line D T; O1 = circumcenter B O C; (BCO) = circle_center_point O1 B; U V = intersection DT (BCO); O2 = circumcenter A U V; (AUV) = circle_center_point O2 A; X Y = intersection (AUV) MN; AY = line A Y; O3 = circumcenter A M N; (AMN) = circle_center_point O3 A; R = intersection AY (AMN); AX = line A X; S = intersection AX (AMN); AO = line A O; RS = line R S; W = intersection AO RS; Prove: collinear W M N
2020AQGOp4	2.8	A B C = triangle; AB = line A B; D = on_line AB; AC = line A C; E = on_line AC; P = midpoint C D; Q = midpoint B E; DE = line D E; l1 = perpendicular_line P DE; l2 = perpendicular_line Q DE; m1 = perpendicular_bisector A C; M = intersection l1 m1; m2 = perpendicular_bisector A B; N = intersection l2 m2; MN = line M N; PQ = line P Q; Prove: parallel MN PQ
2020AQGOp5	5.2	A B C = triangle; I = incenter A B C; I = incenter A B C; BC = line B C; D = foot I BC; (I) = circle_center_point I D; AC = line A C; E = foot I AC; AB = line A B; F = foot I AB; DI = line D I; O = circumcenter A B C; (ABC) = circle_center_point O A; X = intersection DI (ABC); Y = intersection DI (ABC); O1 = circumcenter E F X; (EFX) = circle_center_point O1 X; T = intersection (EFX) (ABC); O2 = circumcenter D T X; (DTX) = circle_center_point O2 D; K = intersection (DTX) (I); AX = line A X; M = intersection AX BC; AY = line A Y; N = intersection AY BC; O3 = circumcenter A M N; (AMN) = circle_center_point O3 A; R = intersection (AMN) (ABC); Prove: collinear A K R
2020BalkanMOp1	2.1	A B C = isos_triangle; D = midpoint A C; O1 = circumcenter A B D; O1A = line O1 A; l1 = perpendicular_line A O1A; BC = line B C; E = intersection l1 BC; O = circumcenter A B E; M = midpoint A O; Prove: cong O1 A O1 M
2020CGMOp7	3.6	B C X = equilateral_triangle; O = circumcenter B C X; (O) = circle_center_point O X; A = on_circle (O); OA = line O A; OB = line O B; OC = line O C; ta = perpendicular_line A OA; tb = perpendicular_line B OB; tc = perpendicular_line C OC; P = intersection ta tb; Q = intersection ta tc; H = orthocenter O P Q; I = incenter O P Q; l1 = perpendicular_bisector B C; M = intersection l1 (O); N = midpoint O I; MN = line M N; D = intersection MN (O); AD = line A D; HI = line H I; Prove: perpendicular AD HI
2020CHNSouthEastMOg10p2	2.9	A B C = triangle; O = circumcenter A B C; (O) = circle_center_point O A; OB = line O B; OC = line O C; l1 = perpendicular_line B OB; l2 = perpendicular_line C OC; P = intersection l1 l2; BC = line B C; l3 = parallel_line A BC; R = intersection (O) l3; PR = line P R; Q = intersection PR (O); I = incenter A B C; D = foot I BC; DQ = line D Q; G = intersection DQ (O); AI = line A I; l4 = perpendicular_line I AI; AB = line A B; M = intersection l4 AB; AC = line A C; N = intersection l4 AC; Prove: concyclic A G M N
2020CHNSouthEastMOg11p2	3.5	A B C = triangle; O = circumcenter A B C; (O) = circle_center_point O A; OB = line O B; OC = line O C; l1 = perpendicular_line B OB; l2 = perpendicular_line C OC; P = intersection l1 l2; BC = line B C; l3 = parallel_line A BC; R = intersection (O) l3; PR = line P R; Q = intersection PR (O); I = incenter A B C; D = foot I BC; DQ = line D Q; G = intersection DQ (O); AI = line A I; l4 = perpendicular_line I AI; AG = line A G; M = intersection l4 AG; AC = line A C; N = intersection l4 AC; l5 = perpendicular_bisector A R; S = intersection l5 (O); NS = line N S; T = intersection NS (O); Prove: collinear M B T
2020CSMGOp2	3.7	A B C = triangle; I = incenter A B C; O = circumcenter A B C; M1 = midpoint A I; (M1) = circle_center_point M1 A; (O) = circle_center_point O A; S = intersection (M1) (O); l1 = perpendicular_bisector B C; M = intersection l1 (O); IM = line I M; T = intersection IM (O); O1 = circumcenter I M S; O2 = circumcenter B C I; (O1) = circle_center_point O1 M; (O2) = circle_center_point O2 B; X = intersection (O1) (O2); OS = line O S; l2 = perpendicular_line S OS; BC = line B C; V = intersection l2 BC; MX = line M X; TV = line T V; Y = intersection MX TV; Prove: concyclic Y A B C
2020CSMGOp3	4.0	A B C = triangle; H = orthocenter A B C; AC = line A C; B1 = reflect_point_wrt_line B AC; AB = line A B; C1 = reflect_point_wrt_line C AB; O = circumcenter A B C; OB = line O B; OC = line O C; l1 = perpendicular_line B OB; l2 = perpendicular_line C OC; X = intersection l1 l2; B1C1 = line B1 C1; BC = line B C; T = intersection B1C1 BC; AT = line A T; HX = line H X; Prove: perpendicular AT HX
2020CSMGOp5	4.3	A B C = triangle; I = incenter A B C; O = circumcenter A B C; BI = line B I; AC = line A C; D = intersection BI AC; CI = line C I; AB = line A B; E = intersection CI AB; AI = line A I; (ABC) = circle_center_point O A; M = intersection AI (ABC); BD = line B D; l1 = perpendicular_bisector B D; CE = line C E; l2 = perpendicular_bisector C E; V = intersection l1 l2; l3 = perpendicular_bisector O M; MV = line M V; l4 = perpendicular_line O MV; X = intersection l3 l4; Prove: cong A X I X
2020CSMGOp6	5.1	A B C = triangle; I = incenter A B C; I = incenter A B C; BC = line B C; D = foot I BC; (I) = circle_center_point I D; AC = line A C; E = foot I AC; AB = line A B; F = foot I AB; AD = line A D; X = intersection AD (I); l1 = parallel_line E AD; P = intersection l1 (I); l2 = parallel_line F AD; Q = intersection l2 (I); O1 = circumcenter B Q X; (BQX) = circle_center_point O1 X; O2 = circumcenter C P X; (CPX) = circle_center_point O2 X; U = intersection (BQX) (CPX); Prove: collinear I U X
2020CzechAPSlovakp1	2.3	A B C D = parallelogram; AC = line A C; BD = line B D; P = intersection AC BD; M = midpoint A B; O1 = circumcenter A D M; O1A = line O1 A; l1 = perpendicular_line A O1A; O2 = circumcenter B C M; O2B = line O2 B; l2 = perpendicular_line B O2B; Q = intersection l1 l2; Prove: collinear Q M P
2020ELMOp4	2.8	A B C = acute_triangle; H = orthocenter A B C; BC = line B C; D = foot A BC; M = midpoint B C; D1 = reflect_point_wrt_point D M; l1 = parallel_line A BC; D1H = line D1 H; P = intersection D1H l1; O1 = circumcenter A H P; (O1) = circle_center_point O1 A; O2 = circumcenter B C H; (O2) = circle_center_point O2 B; G = intersection (O1) (O2); HM = line H M; GH = line G H; Prove: perpendicular HM GH
2020EuropeanMCupSp1	1.4	A B C D = parallelogram; l1 = perpendicular_bisector B D; CD = line C D; O = intersection CD l1; (O) = circle_center_point O C; T = intersection CD (O); AT = line A T; BO = line B O; X = intersection AT BO; Prove: cong O X O C
2020G3	2.4	A B D = triangle; ω1 = angle_equal2 B D D A B; C = on_circle ω1; BC = line B C; E = reflect_point_wrt_line A BC; CD = line C D; F = reflect_point_wrt_line A CD; AE = line A E; BD = line B D; K = intersection AE BD; AF = line A F; L = intersection AF BD; O1 = circumcenter B E K; O2 = circumcenter D F L; (O1) = circle_center_point O1 B; (O2) = circle_center_point O2 D; T = intersection (O1) (O2); Prove: collinear O1 O2 T
2020G6	3.3	A B C = triangle; I = incenter A B C; Ia = excenter A B C; BC = line B C; D = foot I BC; AD = line A D; BIa = line B Ia; E = intersection AD BIa; CIa = line C Ia; F = intersection AD CIa; O1 = circumcenter A I D; O2 = circumcenter Ia E F; (ADI) = circle_center_point O1 A; (EFIa) = circle_center_point O2 Ia; T = intersection (ADI) (EFIa); Prove: collinear O1 O2 T
2020G7	5.1	A B C = acute_triangle; O = circumcenter A B C; (ABC) = circle_center_point O A; P = on_circle (ABC); M1 = midpoint B C; M2 = midpoint C A; M3 = midpoint A B; M2M3 = line M2 M3; M1M3 = line M1 M3; M1M2 = line M1 M2; D = reflect_point_wrt_line P M2M3; E = reflect_point_wrt_line P M1M3; F = reflect_point_wrt_line P M1M2; m1 = perpendicular_bisector A D; m2 = perpendicular_bisector B E; m3 = perpendicular_bisector C F; V1 = intersection m2 m3; V2 = intersection m1 m3; V3 = intersection m1 m2; O1 = circumcenter A D P; O2 = circumcenter B E P; O3 = circumcenter C F P; (ADP) = circle_center_point O1 P; (BEP) = circle_center_point O2 P; X = intersection (ADP) (BEP); Prove: concyclic X V1 V2 V3
2020IOMetrop1	1.4	C A B = right_triangle; l1 = angle_bisector B A C; BC = line B C; L = intersection l1 BC; AB = line A B; H = foot C AB; AL = line A L; CH = line C H; K = intersection AL CH; l2 = angle_bisector B C H; M = intersection l2 AB; Prove: cong C K M L
2020IranGOAp2	3.3	A B C = acute_triangle; I = incenter A B C; O = circumcenter A B C; N = midarc B A C; M = midpoint B C; P = reflect A M; Q = reflect A N; IQ = line I Q; R = foot A IQ; AI = line A I; O1 = circumcenter P Q R; T = foot O1 AI; Prove: cong O1 P O1 T
2020IranGOMp3	3.3	A B C = acute_triangle; H = orthocenter A B C; M = midpoint B C; AM = line A M; O = circumcenter A B C; (ABC) = circle_center_point O A; X = intersection AM (ABC); l1 = perpendicular_bisector B C; CH = line C H; E = intersection CH l1; F = intersection CH (ABC); BC = line B C; l2 = parallel_line H BC; O1 = circumcenter X E F; (EFX) = circle_center_point O1 X; J = intersection (EFX) l2; BJ = line B J; EM = line E M; K = intersection BJ EM; Prove: concyclic K X E F
2020IranGOMp4	3.9	A B C = triangle; l = perpendicular_bisector B C; J = on_line l; (J) = circle_center_point J B; AC = line A C; E = intersection (J) AC; AB = line A B; F = intersection (J) AB; l1 = angle_equal1 B F J E C; l2 = angle_equal1 F B J C E; X = intersection l1 l2; l3 = angle_equal1 E C J B F; l4 = angle_equal1 C E J F B; Y = intersection l3 l4; H = orthocenter A B C; Prove: collinear H X Y
2020IranTSTp9	5.3	A B C = triangle; O = circumcenter A B C; I = incenter A B C; AC = line A C; l1 = angle_bisector C B A; E = intersection AC l1; AB = line A B; l2 = angle_bisector B C A; F = intersection AB l2; AI = line A I; EF = line E F; K = intersection AI EF; (O) = circle_center_point O A; l3 = perpendicular_bisector B C; T = intersection (O) l3; M = midpoint B C; AM = line A M; X = intersection AM (O); O1 = circumcenter A E F; (O1) = circle_center_point O1 A; S = intersection (O1) (O); S1 = reflect_point_wrt_line S AI; O2 = circumcenter A S1 K; AX = line A X; (O2) = circle_center_point O2 A; J = intersection AX (O2); Prove: concyclic T J I X
2020KoMaLA771	3.4	A B C = triangle; I = incenter A B C; BC = line B C; D = foot I BC; (I) = circle_center_point I D; AD = line A D; G = intersection AD (I); IG = line I G; l1 = perpendicular_line G IG; AB = line A B; E = intersection l1 AB; AC = line A C; F = intersection l1 AC; O1 = circumcenter D E F; (DEF) = circle_center_point O1 D; M = intersection (DEF) (I); O2 = circumcenter B C G; (BCG) = circle_center_point O2 G; N = intersection (BCG) (I); MN = line M N; Prove: parallel AD MN
2020KoMaLA774	3.5	A B C = triangle; O = circumcenter A B C; (O) = circle_center_point O A; D = on_circle (O); AO = line A O; X = foot D AO; BO = line B O; Y = foot D BO; CO = line C O; Z = foot D CO; I = incenter X Y Z; BC = line B C; AC = line A C; P = foot D BC; Q = foot D AC; Prove: collinear I P Q
2020POGCHAMPp1	2.9	A B C = triangle; O = circumcenter A B C; (O) = circle_center_point O A; P = on_circle (O); AP = line A P; BC = line B C; D = intersection AP BC; M = midpoint B C; T = reflect_point_wrt_point D M; AT = line A T; O1 = circumcenter D P T; (O1) = circle_center_point O1 P; G = intersection AT (O1); O2 = circumcenter A G P; (O2) = circle_center_point O2 A; AB = line A B; E = intersection (O2) AB; AC = line A C; F = intersection (O2) AC; EF = line E F; GP = line G P; Q = intersection EF GP; AQ = line A Q; Prove: parallel AQ BC
2020POGCHAMPp2	3.0	A B C = triangle; O = circumcenter A B C; I = incenter A B C; (O) = circle_center_point O A; l = perpendicular_bisector B C; M = intersection (O) l; BC = line B C; D = foot I BC; (I) = circle_center_point I D; N = midpoint D M; (N) = circle_center_point N M; P = intersection (I) (N); O1 = circumcenter A M P; (O1) = circle_center_point O1 A; X = intersection (O1) (I); Y = intersection (O1) BC; AX = line A X; MY = line M Y; T = intersection AX MY; Prove: concyclic T A B C
2020RMMSLG3	4.0	A B C = triangle; I = incenter A B C; BC = line B C; AC = line A C; AB = line A B; D = foot I BC; E = foot I AC; F = foot I AB; (I) = circle_center_point I D; EF = line E F; l1 = perpendicular_line D EF; K = intersection l1 (I); AK = line A K; O = circumcenter A B C; (ABC) = circle_center_point O A; L = intersection AK (ABC); IK = line I K; O1 = circumcenter B C I; (BCI) = circle_center_point O1 B; Q = intersection IK (BCI); IL = line I L; P = intersection IL (BCI); O2 = circumcenter B F K; (BFK) = circle_center_point O2 B; R = intersection (BFK) EF; O3 = circumcenter C E K; (CEK) = circle_center_point O3 C; S = intersection (CEK) EF; Prove: concyclic P Q R S
2020RMMp1	3.5	C A B = right_triangle; I = incenter A B C; AB = line A B; D = foot C AB; BC = line B C; A1 = foot I BC; AC = line A C; B1 = foot I AC; C1 = foot I AB; A1C1 = line A1 C1; E = reflect_point_wrt_line C A1C1; B1C1 = line B1 C1; F = reflect_point_wrt_line C B1C1; K = reflect_point_wrt_line D A1C1; L = reflect_point_wrt_line D B1C1; (A1EI) = circle A1 E I; (B1FI) = circle B1 F I; P = intersection (A1EI) (B1FI); Prove: concyclic P C1 K L
2020USATSTSTp2a	3.1	A B C = triangle; I = incenter A B C; BC = line B C; CA = line C A; AB = line A B; D = foot I BC; E = foot I CA; F = foot I AB; EF = line E F; P = foot D EF; M = midpoint B C; AP = line A P; (ABC) = circle A B C; G = intersection AP (ABC); IP = line I P; Q = intersection IP (ABC); Prove: equal_angle M G D D G Q
2020USATSTSTp2b	3.1	A B C = triangle; I = incenter A B C; BC = line B C; CA = line C A; AB = line A B; D = foot I BC; E = foot I CA; F = foot I AB; EF = line E F; P = foot D EF; M = midpoint B C; AP = line A P; (ABC) = circle A B C; G = intersection AP (ABC); IP = line I P; Q = intersection IP (ABC); Prove: equal_angle Q M D D M G
2020USEMOp3	5.9	A B C = acute_triangle; O = circumcenter A B C; H = orthocenter A B C; N = midpoint O H; OA = line O A; OB = line O B; OC = line O C; la = perpendicular_line A OA; lb = perpendicular_line B OB; lc = perpendicular_line C OC; AN = line A N; ma = perpendicular_line H AN; BN = line B N; mb = perpendicular_line H BN; CN = line C N; mc = perpendicular_line H CN; Pa = intersection lb lc; Qa = intersection lb ma; Ra = intersection lc ma; Oa = circumcenter Pa Qa Ra; (Oa) = circle_center_point Oa Pa; Pb = intersection la mb; Qb = intersection la lc; Rb = intersection lc mb; Ob = circumcenter Pb Qb Rb; (Ob) = circle_center_point Ob Pb; Pc = intersection la mc; Qc = intersection lb mc; Rc = intersection la lb; Oc = circumcenter Pc Qc Rc; (Oc) = circle_center_point Oc Pc; U1 U2 = intersection (Oa) (Oc); V1 V2 = intersection (Ob) (Oc); U1U2 = line U1 U2; V1V2 = line V1 V2; X = intersection U1U2 V1V2; Prove: collinear X H O
2021ARMOg10p1	1.9	A B C D = parallelogram; AC = line A C; BD = line B D; O = intersection AC BD; (ADO) = circle A D O; l1 = tangent A (ADO); BC = line B C; E = intersection BC l1; l2 = tangent D (ADO); F = intersection BC l2; AE = line A E; O2 = circumcenter E F O; EO2 = line E O2; Prove: perpendicular AE EO2
2021ARMOg10p8	4.0	A B C = triangle; O = circumcenter A B C; (O) = circle_center_point O A; D = on_circle (O); E = on_circle (O); CD = line C D; AB = line A B; X = intersection CD AB; AE = line A E; Y = intersection CD AE; EX = line E X; BY = line B Y; P = intersection EX BY; Q = intersection EX (O); R = intersection BY (O); A1 = reflect_point_wrt_line A CD; O1 = circumcenter P Q R; O2 = circumcenter A1 X Y; (PQR) = circle_center_point O1 P; (A1XY) = circle_center_point O2 X; M N = intersection (PQR) (A1XY); CM = line C M; DN = line D N; T = intersection CM DN; Prove: concyclic T P Q R
2021ARMOg11p4	4.2	A B C = triangle; l1 = angle_bisector B A C; BC = line B C; A1 = intersection l1 BC; l2 = angle_bisector B C A; AB = line A B; C1 = intersection l2 AB; AA1 = line A A1; CC1 = line C C1; I = intersection AA1 CC1; AC = line A C; l3 = parallel_line B AC; A2 = intersection l3 AA1; l4 = parallel_line B AC; C2 = intersection l4 CC1; Oa = circumcenter A C1 C2; Oc = circumcenter C A1 A2; Prove: equal_angle Oa B Oc A I C
2021AsiaPacificMOp3	3.0	A B C = triangle; O = circumcenter A B C; (ABC) = circle_center_point O A; D = on_circle (ABC); AC = line A C; BD = line B D; E = intersection AC BD; AB = line A B; CD = line C D; X = intersection AB CD; L = incenter X B C; l1 = perpendicular_bisector B C; M = intersection l1 (ABC); Ie = excenter E B C; Prove: collinear Ie L M
2021CGMOp2	3.2	A B C = acute_triangle; I = incenter A B C; J = excenter A B C; O = circumcenter A B C; (ABC) = circle_center_point O A; M1 = midpoint A I; (M1) = circle_center_point M1 A; X = intersection (ABC) (M1); M2 = midpoint A J; (M2) = circle_center_point M2 A; Y = intersection (ABC) (M2); BC = line B C; l1 = perpendicular_bisector I J; K = intersection BC l1; M = midpoint X Y; Prove: collinear A K M
2021CGMOp7	3.7	A B C = acute_triangle; O = circumcenter A B C; AC = line A C; K = reflect_point_wrt_line B AC; AB = line A B; L = reflect_point_wrt_line C AB; BC = line B C; l1 = perpendicular_line A BC; l2 = perpendicular_bisector K L; X = intersection l1 l2; CK = line C K; l3 = perpendicular_line X CK; BK = line B K; Y = intersection BK l3; BL = line B L; l4 = perpendicular_line X BL; CL = line C L; Z = intersection CL l4; Prove: concyclic B C Y O
2021CHNGaoLianA1	2.0	A B C = triangle; l1 = angle_bisector B A C; X = on_line l1; l2 = angle_equal1 C A A B X; Y = intersection l1 l2; BX = line B X; CY = line C Y; P = intersection BX CY; O1 = circumcenter B Y P; (O1) = circle_center_point O1 B; O2 = circumcenter C X P; (O2) = circle_center_point O2 C; Q = intersection (O1) (O2); Prove: collinear A P Q
2021CHNGaoLianA2	2.7	A B C = acute_triangle; O = circumcenter A B C; (O) = circle_center_point O A; M = midarc_no B C A; l1 = angle_exbisector B A C; BC = line B C; K = intersection l1 BC; l2 = perpendicular_line A BC; (M) = circle_center_point M A; D = intersection l2 (M); O2 = circumcenter A D K; (O2) = circle_center_point O2 A; T = intersection (O2) (O); N = midpoint B C; Prove: collinear A T N
2021CTSTp20	4.8	A B C = triangle; I = incenter A B C; O = circumcenter A B C; l1 = perpendicular_bisector B C; (O) = circle_center_point O A; M N = intersection l1 (O); BC = line B C; l2 = parallel_line A BC; D = intersection (O) l2; Ia = excenter A B C; E = foot Ia BC; l3 = parallel_line I BC; l4 = angle_equal1 A B C A E; F = intersection l3 l4; NF = line N F; R = intersection NF (O); AR = line A R; IF = line I F; L = intersection AR IF; AF = line A F; DI = line D I; K = intersection AF DI; ML = line M L; NK = line N K; Prove: perpendicular ML NK
2021CzechAPSlovakp2	2.9	A B C = acute_triangle; I = incenter A B C; BC = line B C; D = foot I BC; I1 = excenter A B C; M = midpoint D I1; O1 = circumcenter B C M; (O1) = circle_center_point O1 B; O1I = line O1 I; X = intersection O1I (O1); Prove: cong I X I D
2021CzechAPSlovakp6	3.4	A B C = acute_triangle; AB = line A B; Ab = on_line AB; Ba = on_line AB; AC = line A C; Ac = on_line AC; Ca = on_line AC; BC = line B C; Bc = on_line BC; Cb = on_line BC; O1 = circumcenter A Ab Ca; (AAbCa) = circle_center_point O1 A; O2 = circumcenter A Ac Ba; (AAcBa) = circle_center_point O2 A; A1 = intersection (AAbCa) (AAcBa); O3 = circumcenter Ab B Bc; (AbBBc) = circle_center_point O3 B; O4 = circumcenter B Ba Cb; (BBaCb) = circle_center_point O4 B; B1 = intersection (AbBBc) (BBaCb); O5 = circumcenter Bc C Ca; (BcCCa) = circle_center_point O5 C; O6 = circumcenter Ac C Cb; (AcCCb) = circle_center_point O6 C; C1 = intersection (BcCCa) (AcCCb); AA1 = line A A1; BB1 = line B B1; X = intersection AA1 BB1; Prove: concyclic X A1 B1 C1
2021EGMOp3	3.9	A B C = obtuse_triangle; l1 = angle_exbisector B A C; AC = line A C; l2 = perpendicular_line B AC; E = intersection l1 l2; AB = line A B; l3 = perpendicular_line C AB; F = intersection l1 l3; ω1 = angle_equal2 E A B C A; CE = line C E; M = intersection CE ω1; BF = line B F; ω2 = angle_equal2 A F A B C; N = intersection BF ω2; Prove: concyclic E F N M
2021EGMOp4	2.8	A B C = triangle; I = incenter A B C; BC = line B C; D = on_line BC; BI = line B I; l1 = perpendicular_line D BI; CI = line C I; E = intersection l1 CI; l2 = perpendicular_line D CI; F = intersection l2 BI; EF = line E F; A1 = reflect_point_wrt_line A EF; Prove: collinear A1 B C
2021G1	2.2	C A B = isos_triangle; D = parallelogram A B C; AB = line A B; P = on_line AB; DP = line D P; (ACD) = circle A C D; Q = intersection DP (ACD); CP = line C P; (APQ) = circle A P Q; R = intersection CP (APQ); CD = line C D; AQ = line A Q; BR = line B R; X = intersection CD AQ; Prove: collinear X B R
2021G4	3.5	A B C = triangle; (ABC) = circle A B C; D = on_circle (ABC); O = circumcenter A B C; OD = line O D; l = perpendicular_line D OD; AB = line A B; E = intersection l AB; BC = line B C; F = intersection l BC; CD = line C D; l1 = parallel_line E CD; AD = line A D; l2 = parallel_line F AD; T = intersection l1 l2; DF = line D F; (T,D) = circle_center_point T D; K = intersection DF (T,D); AC = line A C; DT = line D T; X = intersection AC DT; Prove: collinear B K X
2021GOWACAp1	2.3	A B C = triangle; I = incenter A B C; O = circumcenter A B C; IO = line I O; P = reflect_point_wrt_line A IO; O1 = circumcenter B C I; (O1) = circle_center_point O1 B; Q = intersection IO (O1); AI = line A I; BC = line B C; R = intersection AI BC; Prove: collinear P Q R
2021GOWACAp3	4.8	A B C = triangle; I = incenter A B C; BC = line B C; D = foot I BC; O = circumcenter A B C; M1 = midpoint A I; (O) = circle_center_point O A; (AI) = circle_center_point M1 A; S = intersection (O) (AI); H = orthocenter B I C; HS = line H S; Q = intersection HS (AI); M2 = midpoint D Q; X = reflect_point_wrt_point I M2; Prove: cong X I I D
2021GOWACAp4	3.5	A B C = triangle; I = incenter A B C; D = midpoint B C; AI = line A I; la = perpendicular_line D AI; E = midpoint A C; BI = line B I; lb = perpendicular_line E BI; F = midpoint A B; CI = line C I; lc = perpendicular_line F CI; X = intersection lb lc; Y = intersection la lc; Z = intersection la lb; H = orthocenter X Y Z; O1 = circumcenter X Y Z; (XYZ) = circle_center_point O1 X; O = circumcenter A B C; (ABC) = circle_center_point O A; U V = intersection (XYZ) (ABC); M = midpoint H I; Prove: collinear U V M
2021GOWACAp5	5.0	A B C = acute_triangle; BC = line B C; D = foot A BC; O = circumcenter A B C; G M1 M2 M3 = centroid A B C; l1 = angle_equal1 A C B A G; l2 = angle_equal1 B A C B G; K = intersection l1 l2; D1 = reflect D M1; l3 = angle_equal1 A B C A D1; D2 = intersection l3 BC; AO = line A O; l4 = perpendicular_line K AO; AD2 = line A D2; P = intersection l4 AD2; BO = line B O; l5 = perpendicular_line K BO; X = intersection l5 BC; CO = line C O; l6 = perpendicular_line K CO; Y = intersection l6 BC; I = incenter P X Y; Prove: collinear A D I
2021GOWACAp6	5.3	A B C = triangle; I = incenter A B C; BC = line B C; D = foot I BC; (I) = circle_center_point I D; AC = line A C; E = foot I AC; AB = line A B; F = foot I AB; DI = line D I; EF = line E F; K = intersection DI EF; l1 = perpendicular_line D EF; P = intersection l1 (I); AP = line A P; Q = intersection AP (I); BQ = line B Q; B1 = intersection BQ (I); CQ = line C Q; C1 = intersection CQ (I); B1C1 = line B1 C1; X = intersection B1C1 BC; M = midpoint B C; N = midpoint E F; MN = line M N; l2 = parallel_line I BC; W = intersection l2 MN; Prove: collinear W K X
2021IOMetrop2	1.6	A B C = triangle; l1 l2 = angle_trisector B A C; BC = line B C; P = intersection l1 BC; Q = intersection l2 BC; AP = line A P; B1 = foot B AP; AQ = line A Q; P1 = foot P AQ; Q1 = foot Q AP; C1 = foot C AQ; B1P1 = line B1 P1; C1Q1 = line C1 Q1; X = intersection B1P1 C1Q1; Prove: collinear X B C
2021IranGOAp1	2.0	A B C = acute_triangle; O = circumcenter A B C; (O) = circle_center_point O A; D = midpoint A C; BC = line B C; E = foot A BC; AB = line A B; DE = line D E; F = intersection AB DE; ω1 = angle_equal2 B E A B C; H = intersection (O) ω1; BH = line B H; HF = line H F; Prove: perpendicular BH HF
2021IranGOAp5a	5.1	A B C = triangle; I = incenter A B C; BC = line B C; D = foot I BC; l1 = angle_equal1 A B B C A; P = intersection BC l1; l2 = angle_equal1 A C C B A; Q = intersection BC l2; K = incenter A B P; L = incenter A C Q; O1 = circumcenter I K L; H1 = orthocenter I K L; Prove: collinear A D O1
2021IranGOAp5b	5.1	A B C = triangle; I = incenter A B C; BC = line B C; D = foot I BC; l1 = angle_equal1 A B B C A; P = intersection BC l1; l2 = angle_equal1 A C C B A; Q = intersection BC l2; K = incenter A B P; L = incenter A C Q; O1 = circumcenter I K L; H1 = orthocenter I K L; Prove: collinear A D H1
2021IranGOMp1	1.6	A B C = isos_triangle; H = orthocenter A B C; E = midpoint A C; D D1 = trisegment C B; BE = line B E; DH = line D H; Prove: perpendicular BE DH
2021IranGOMp4	3.0	A B C = acute_triangle; I = incenter A B C; O = circumcenter A B C; (O) = circle_center_point O A; AI = line A I; M = intersection AI (O); N = midpoint B C; IN = line I N; l1 = perpendicular_line M IN; T = intersection (O) l1; l2 = perpendicular_line I AI; BT = line B T; P = intersection BT l2; CT = line C T; Q = intersection CT l2; Prove: cong B P C Q
2021IranTSTp6	6.1	A B C = triangle; O = circumcenter A B C; H = orthocenter A B C; OH = line O H; D = on_line OH; BD = line B D; AC = line A C; E = intersection BD AC; CD = line C D; AB = line A B; F = intersection CD AB; AD = line A D; ω1 = angle_equal2 E F B A C; X = intersection AD ω1; O1 = circumcenter C X F; O2 = circumcenter B X E; (O1) = circle_center_point O1 C; (O2) = circle_center_point O2 B; P = intersection (O1) (O2); XP = line X P; EF = line E F; Q = intersection XP EF; Prove: collinear Q A H
2021IsraelOlympicRev	5.0	A B C = triangle; ω1 = angle_equal2 B C C A B; P = on_circle ω1; AP = line A P; BC = line B C; P1 = intersection AP BC; BP = line B P; AC = line A C; P2 = intersection BP AC; CP = line C P; AB = line A B; P3 = intersection CP AB; O = circumcenter A B C; O2 = circumcenter A P2 P3; (O) = circle_center_point O A; (O2) = circle_center_point O2 A; X1 = intersection (O) (O2); O3 = circumcenter B P3 P1; (O3) = circle_center_point O3 B; X2 = intersection (O) (O3); O4 = circumcenter C P1 P2; (O4) = circle_center_point O4 C; X3 = intersection (O) (O4); AX1 = line A X1; CX3 = line C X3; B1 = intersection AX1 CX3; BX2 = line B X2; C1 = intersection AX1 BX2; BB1 = line B B1; CC1 = line C C1; K = intersection BB1 CC1; Prove: concyclic K A P2 P3
2021KoMaLA796	3.5	A B C = triangle; (ABC) = circle A B C; D = on_circle (ABC); AB = line A B; CD = line C D; P = intersection AB CD; BC = line B C; AD = line A D; Q = intersection BC AD; K = foot P BC; L = foot P AD; M = foot Q AB; N = foot Q CD; F = midpoint A C; (FKN) = circle F K N; (FLM) = circle F L M; X = intersection (FKN) (FLM); Prove: collinear X P Q
2021RMMSLG4	4.7	A B C = acute_triangle; H = orthocenter A B C; O = circumcenter A B C; AC = line A C; S = foot B AC; AB = line A B; T = foot C AB; M = midpoint S T; N = midpoint A H; BC = line B C; l1 = parallel_line O BC; F = intersection l1 AC; l2 = parallel_line O BC; G = intersection l2 AB; GN = line G N; O1 = circumcenter B G O; (BGO) = circle_center_point O1 B; K = intersection GN (BGO); FN = line F N; O2 = circumcenter C F O; (CFO) = circle_center_point O2 C; L = intersection FN (CFO); Prove: similar B C M K L N
2021SilkRoadp3	4.2	A B C = triangle; M = midpoint A B; AC = line A C; (C,B) = circle_center_point C B; B1 = intersection AC (C,B); O = circumcenter A B C; (ABC) = circle_center_point O A; O1 = circumcenter B M B1; (BMB1) = circle_center_point O1 B; K = intersection (ABC) (BMB1); Q = midarc A C B; B1Q = line B1 Q; BC = line B C; E = intersection B1Q BC; L = midpoint B1 E; Prove: collinear C K L
2021USATSTSTp1	2.7	A B C = triangle; (ABC) = circle A B C; D = on_circle (ABC); O = circumcenter A B C; AB = line A B; X = on_line AB; CD = line C D; Y = on_line CD; XY = line X Y; O1 = circumcenter A D X; (O1) = circle_center_point O1 A; P = intersection XY (O1); O2 = circumcenter B C Y; (O2) = circle_center_point O2 B; Q = intersection XY (O2); Prove: cong O P O Q
2021USEMOp3	5.2	A1 B1 C1 = triangle; l1 = perpendicular_bisector B1 C1; A2 = on_line l1; l2 = perpendicular_bisector A1 C1; (C1) = circle_center_point C1 A2; B2 = intersection l2 (C1); l3 = perpendicular_bisector A1 B1; (B1) = circle_center_point B1 A2; C2 = intersection l3 (B1); O1 = circumcenter A1 B1 C1; H1 = orthocenter A1 B1 C1; O2 = circumcenter A2 B2 C2; H2 = orthocenter A2 B2 C2; O1O2 = line O1 O2; H1H2 = line H1 H2; Prove: parallel O1O2 H1H2
2022ARMOg10p2	2.6	A B C = acute_triangle; BC = line B C; D = on_line BC; M = midpoint B C; E = reflect_point_wrt_point D M; O1 = circumcenter A D E; (O1) = circle_center_point O1 A; (C,AB) = circle_center_radius C A B; P = intersection (O1) (C,AB); (B,AC) = circle_center_radius B A C; Q = intersection (O1) (B,AC); Prove: cong A P A Q
2022BalkanMOp1	2.0	A B C = acute_triangle; O = circumcenter A B C; (O) = circle_center_point O A; OA = line O A; OB = line O B; ta = perpendicular_line A OA; tb = perpendicular_line B OB; X = intersection ta tb; CX = line C X; Y = foot O CX; AB = line A B; l1 = parallel_line C AB; Z = intersection l1 ta; M = midpoint A C; Prove: collinear Y Z M
2022CGMOp3	3.5	A B C = triangle; I = incenter A B C; M = midpoint B C; BC = line B C; l1 = perpendicular_line I BC; AM = line A M; L = intersection AM l1; J = reflect_point_wrt_point I A; Prove: equal_angle A B J I B L
2022CHNSouthEastMOg11p6	4.0	A B C = triangle; O = circumcenter A B C; l1 = perpendicular_bisector A O; BC = line B C; l2 = parallel_line O BC; P = intersection l1 l2; l3 = angle_equal1 B A B A C; l4 = angle_equal1 C A C A B; D = intersection l3 l4; Q = midpoint A D; (P) = circle_center_point P A; (Q) = circle_center_point Q A; K = intersection (P) (Q); Prove: concyclic K B C D
2022CTSTp1	2.8	A B C = triangle; O = circumcenter A B C; (O) = circle_center_point O A; D = on_circle (O); E = on_circle (O); F = on_circle (O); AB = line A B; CD = line C D; G = intersection AB CD; AF = line A F; DE = line D E; H = intersection AF DE; M = circumcenter B C G; N = circumcenter E F H; BE = line B E; CF = line C F; X = intersection BE CF; Prove: collinear M N X
2022CzechAPSlovakp5	2.4	A B C = triangle; O = circumcenter A B C; l1 = angle_bisector B A C; BC = line B C; D = intersection l1 BC; l2 = perpendicular_line D BC; AO = line A O; X = intersection l2 AO; Y = midpoint A D; Prove: concyclic B C X Y
2022EGMOp1	2.0	A B C = acute_triangle; AB = line A B; (C) = circle_center_point C B; P = intersection AB (C); AC = line A C; (B) = circle_center_point B C; Q = intersection AC (B); T = circumcenter A P Q; H = orthocenter A B C; BQ = line B Q; CP = line C P; S = intersection BQ CP; Prove: collinear T H S
2022FakeCMOp3	6.4	A B C = triangle; Ia = excenter A B C; Ib = excenter B C A; Ic = excenter C A B; P = point; AP = line A P; (BPC) = circumcircle B P C; Pa = intersection AP (BPC); BP = line B P; (CPA) = circumcircle C P A; Pb = intersection BP (CPA); CP = line C P; (APB) = circumcircle A P B; Pc = intersection CP (APB); (IbIcPa) = circumcircle Ib Ic Pa; (IaIbPc) = circumcircle Ia Ib Pc; Q = intersection (IbIcPa) (IaIbPc); AQ = line A Q; (BQC) = circumcircle B Q C; Qa = intersection AQ (BQC); BQ = line B Q; (AQC) = circumcircle A Q C; Qb = intersection BQ (AQC); CQ = line C Q; (AQB) = circumcircle A Q B; Qc = intersection CQ (AQB); PaQa = line Pa Qa; PbQb = line Pb Qb; K = intersection PaQa PbQb; Prove: collinear K Pc Qc
2022G2	2.4	A B C = acute_triangle; BC = line B C; l = perpendicular_line A BC; P = on_line l; AC = line A C; l1 = parallel_line P AC; D = intersection l1 BC; AB = line A B; l2 = parallel_line P AB; E = intersection l2 BC; O1 = circumcenter A B D; (O1) = circle_center_point O1 A; (D) = circle_center_point D A; X = intersection (O1) (D); O2 = circumcenter A C E; (O2) = circle_center_point O2 A; (E) = circle_center_point E A; Y = intersection (O2) (E); Prove: concyclic B C X Y
2022G5	2.9	A B C = triangle; BC = line B C; X1 = on_line BC; AC = line A C; Y1 = on_line AC; l1 = line X1 Y1; AB = line A B; Z1 = intersection l1 AB; X2 = on_line BC; l2 = parallel_line X2 l1; Y2 = intersection l2 AC; Z2 = intersection l2 AB; l3 = perpendicular_line X1 BC; l4 = perpendicular_line Y1 AC; l5 = perpendicular_line Z1 AB; U1 = intersection l4 l5; V1 = intersection l3 l5; W1 = intersection l3 l4; l6 = perpendicular_line X2 BC; l7 = perpendicular_line Y2 AC; l8 = perpendicular_line Z2 AB; U2 = intersection l7 l8; V2 = intersection l6 l8; W2 = intersection l6 l7; O1 = circumcenter U1 V1 W1; O2 = circumcenter U2 V2 W2; (O1) = circle_center_point O1 U1; (O2) = circle_center_point O2 U2; T = intersection (O1) (O2); Prove: collinear T O1 O2
2022IZhautykovOp3	4.0	A B C = triangle; D = parallelogram A B C; l1 = perpendicular_bisector B C; (B) = circle_center_point B A; M = intersection l1 (B); CM = line C M; AD = line A D; N = intersection CM AD; MD = line M D; K = reflect_point_wrt_line N MD; MK = line M K; L = intersection MK AD; O1 = circumcenter A M D; O2 = circumcenter C N K; (O1) = circle_center_point O1 A; (O2) = circle_center_point O2 C; P = intersection (O1) (O2); Prove: equal_angle C P M D P L
2022IranGOAp2	2.7	A B C = acute_triangle; O = circumcenter A B C; OA = line O A; l1 = perpendicular_line A OA; BC = line B C; D = intersection l1 BC; E = circumcenter A B D; F = circumcenter A C D; M = midpoint E F; O1 = circumcenter A D M; O1D = line O1 D; l = perpendicular_line D O1D; X = foot O l; Prove: cong O X O A
2022IranGOAp3	4.0	A B C = triangle; O = circumcenter A B C; BC = line B C; H = foot A BC; M = midpoint B C; N = midpoint A H; AO = line A O; D = intersection AO BC; H1 = reflect H M; O1 = circumcenter O H1 D; O2 = circumcenter B O C; (DH1O) = circle_center_point O1 O; (BCO) = circle_center_point O2 O; E = intersection (DH1O) (BCO); NO = line N O; AE = line A E; P = intersection NO AE; Prove: concyclic P B O C
2022IranGOMp3	3.2	A B C = triangle; O = circumcenter A B C; AC = line A C; M = on_line AC; BC = line B C; N = on_line BC; l1 = angle_equal1 A N C M N; l2 = angle_equal1 N A C N M; P = intersection l1 l2; l3 = angle_equal1 M B C M N; l4 = angle_equal1 B M C N M; Q = intersection l3 l4; Prove: cong O P O Q
2022IranGOMp5	4.5	A B C = triangle; (ABC) = circle A B C; D = on_circle (ABC); O = circumcenter A B C; AC = line A C; BD = line B D; P = intersection AC BD; OP = line O P; Q = on_line OP; AD = line A D; BC = line B C; E = foot Q AD; F = foot Q BC; O1 = circumcenter Q E F; (O1) = circle_center_point O1 Q; l1 = parallel_line Q AC; M = intersection (O1) l1; l2 = parallel_line Q BD; N = intersection (O1) l2; ME = line M E; NF = line N F; X = intersection ME NF; Prove: cong X C X D
2022KoMaLA805	1.9	A B C = acute_triangle; BC = line B C; A1 = foot A BC; AC = line A C; B1 = foot B AC; AB = line A B; C1 = foot C AB; O = circumcenter A B C; O1 = circumcenter A B1 C1; (O) = circle_center_point O A; (O1) = circle_center_point O1 A; P = intersection (O1) (O); O2 = circumcenter B C1 A1; (O2) = circle_center_point O2 B; Q = intersection (O2) (O); H = orthocenter A B C; AQ = line A Q; BP = line B P; R = intersection AQ BP; Prove: collinear R O H
2022SilkRoadp1	2.5	A B C = triangle; O = circumcenter A B C; (ABC) = circle A B C; D = on_circle (ABC); AB = line A B; CD = line C D; K = intersection AB CD; BD = line B D; l1 = angle_equal1 A D B A C; L = intersection BD l1; KL = line K L; l2 = parallel_line C BD; M = intersection KL l2; OB = line O B; BM = line B M; Prove: perpendicular BM OB
2022TurkeyTSTp3	4.2	A B C = triangle; I = incenter A B C; BC = line B C; AC = line A C; AB = line A B; D = foot I BC; E = foot I AC; F = foot I AB; P = point; IP = line I P; X = foot A IP; Y = foot B IP; Z = foot C IP; DX = line D X; EY = line E Y; T = intersection DX EY; Prove: collinear T F Z
2022USATSTSTp6	4.5	A B C = acute_triangle; O = circumcenter A B C; H = orthocenter A B C; l1 = perpendicular_bisector A H; AB = line A B; Xa = intersection l1 AB; AC = line A C; Ya = intersection l1 AC; Oa = circumcenter O Xa Ya; (OXaYa) = circle_center_point Oa O; O1 = circumcenter B O C; (BCO) = circle_center_point O1 O; Ka = intersection (OXaYa) (BCO); l2 = perpendicular_bisector B H; BC = line B C; Xb = intersection l2 BC; Yb = intersection l2 AB; Ob = circumcenter O Xb Yb; (OXbYb) = circle_center_point Ob O; O2 = circumcenter A O C; (ACO) = circle_center_point O2 O; Kb = intersection (OXbYb) (ACO); l3 = perpendicular_bisector C H; Xc = intersection l3 AC; Yc = intersection l3 BC; Oc = circumcenter O Xc Yc; (OXcYc) = circle_center_point Oc O; O3 = circumcenter A O B; (ABO) = circle_center_point O3 O; Kc = intersection (OXcYc) (ABO); Prove: concyclic Ka Kb Kc O
2023ARMOg11p4	3.6	A B C = triangle; O = circumcenter A B C; (O) = circle_center_point O A; I = incenter A B C; M = midpoint B C; AI = line A I; H = foot M AI; HM = line H M; BI = line B I; AB = line A B; V1 = intersection HM BI; V2 = intersection HM AB; O2 = circumcenter V1 V2 B; (O2) = circle_center_point O2 B; B1 = intersection (O2) (O); CI = line C I; AC = line A C; W1 = intersection HM CI; W2 = intersection HM AC; O3 = circumcenter W1 W2 C; (O3) = circle_center_point O3 C; C1 = intersection (O) (O3); Prove: collinear B1 H C1
2023CHNSouthEastMOg10p3	5.3	A B C = acute_triangle; I = incenter A B C; BC = line B C; D = foot I BC; (I) = circle_center_point I D; AC = line A C; E = foot I AC; AB = line A B; F = foot I AB; AD = line A D; J = intersection AD (I); O1 = circumcenter B C J; (BCJ) = circle_center_point O1 B; K = intersection (BCJ) (I); O2 = circumcenter B F K; (BFK) = circle_center_point O2 B; O3 = circumcenter C E K; (CEK) = circle_center_point O3 C; L = intersection (BFK) (CEK); M = midarc B A C; Prove: collinear M I L
2023CHNSouthEastMOg11p5	2.4	A B C = triangle; I = incenter A B C; BC = line B C; D = foot I BC; AC = line A C; E = foot I AC; AB = line A B; F = foot I AB; EF = line E F; K = intersection BC EF; G = foot D EF; GI = line G I; (ABC) = circle A B C; H = intersection GI (ABC); Prove: concyclic H G D K
2023CHNWesternMOp6	1.9	A B C = triangle; (ABC) = circle A B C; D = on_circle (ABC); AC = line A C; BD = line B D; E = intersection AC BD; K = circumcenter A B E; CD = line C D; X = reflect_point_wrt_line B CD; Y = parallelogram D K E; Prove: concyclic D E X Y
2023ELMOSLp2	2.5	A B C = acute_triangle; H = orthocenter A B C; BH = line B H; AC = line A C; E = intersection BH AC; CH = line C H; AB = line A B; F = intersection CH AB; EF = line E F; la = parallel_line A EF; X = foot H la; l1 = parallel_line B AC; FX = line F X; B1 = intersection FX l1; l2 = parallel_line C AB; EX = line E X; C1 = intersection EX l2; Prove: concyclic B C B1 C1
2023EuropeanMCupSp2	3.4	A B C = right_triangle; I = incenter A B C; BC = line B C; D = foot I BC; AC = line A C; E = foot I AC; AB = line A B; F = foot I AB; M = midpoint E F; P = foot A BC; MP = line M P; AD = line A D; K = intersection MP AD; O2 = circumcenter P D K; Prove: cong A M O2 P
2023G1	2.1	A C D = triangle; M = midpoint C D; (AC) = circle_diameter A C; (M,A) = circle_center_point M A; B = intersection (AC) (M,A); (AD) = circle_diameter A D; E = intersection (AD) (M,A); O = circumcenter A C D; N = midpoint B E; Prove: collinear A O N
2023G2	2.3	A B C = triangle; O = circumcenter A B C; AC = line A C; (C) = circle_center_point C B; P = intersection AC (C); AB = line A B; S = foot P AB; BP = line B P; (O) = circle_center_point O A; D = intersection BP (O); PS = line P S; (P,AO) = circle_center_radius P A O; Q = intersection PS (P,AO); CQ = line C Q; l1 = perpendicular_line A CQ; DQ = line D Q; l2 = perpendicular_line B DQ; E = intersection l1 l2; Prove: concyclic E A B C
2023G5	3.9	A B C = acute_triangle; O = circumcenter A B C; (O) = circle_center_point O A; AC = line A C; l1 = perpendicular_line B AC; D = intersection (O) l1; AB = line A B; l2 = perpendicular_line C AB; E = intersection (O) l2; CO = line C O; X = intersection CO AB; BO = line B O; Y = intersection BO AC; O1 = circumcenter B D X; O2 = circumcenter C E Y; (O1) = circle_center_point O1 B; (O2) = circle_center_point O2 C; Z = intersection (O1) (O2); Prove: collinear A O Z
2023G7	5.0	A B C = acute_triangle; H = orthocenter A B C; CH = line C H; B1 = reflect_point_wrt_line B CH; BH = line B H; C1 = reflect_point_wrt_line C BH; la = line B1 C1; A1 = reflect A BH; AH = line A H; B2 = reflect B AH; lc = line A1 B2; A2 = reflect A CH; C2 = reflect C AH; lb = line A2 C2; X = intersection lb lc; Y = intersection la lc; Z = intersection la lb; H1 = orthocenter X Y Z; O1 = circumcenter X Y Z; Prove: collinear H H1 O1
2023IMOp6	6.4	A B C = equilateral_triangle; O = circumcenter A B C; l1 = perpendicular_bisector B C; A1 = on_line l1; l2 = perpendicular_bisector A C; B1 = on_line l2; l3 = perpendicular_bisector A B; l4 = angle_equal1 A B A1 C B1; C0 = on_line l4; l5 = angle_equal1 A B C0 A O; C1 = intersection l3 l5; BC1 = line B C1; CB1 = line C B1; A2 = intersection BC1 CB1; CA1 = line C A1; AC1 = line A C1; B2 = intersection CA1 AC1; AB1 = line A B1; BA1 = line B A1; C2 = intersection AB1 BA1; O1 = circumcenter A A1 A2; O2 = circumcenter B B1 B2; O3 = circumcenter C C1 C2; (O1) = circle_center_point O1 A; (O2) = circle_center_point O2 B; X = intersection (O1) (O2); Prove: concyclic X C C1 C2
2023IZhautykovOp2	3.0	A B C = triangle; O = circumcenter A B C; OC = line O C; l1 = perpendicular_line C OC; AB = line A B; D = intersection l1 AB; AC = line A C; K = on_line AC; BC = line B C; DK = line D K; L = intersection DK BC; l2 = parallel_line K BC; M = intersection AB l2; l3 = parallel_line L AC; N = intersection AB l3; LN = line L N; KM = line K M; P = intersection LN KM; O1 = circumcenter M N P; (O1) = circle_center_point O1 M; CP = line C P; Q = intersection CP (O1); DQ = line D Q; O1Q = line O1 Q; Prove: perpendicular DQ O1Q
2023IranGOAp1	2.2	A B C = acute_triangle; l1 = angle_bisector B A C; BC = line B C; P = intersection l1 BC; AB = line A B; D = on_line AB; l2 = parallel_line D BC; AC = line A C; E = intersection AC l2; DP = line D P; (ADE) = circle A D E; K = intersection DP (ADE); EP = line E P; L = intersection EP (ADE); Prove: concyclic B C K L
2023IranGOAp4	5.1	A B C = triangle; l1 = angle_bisector A B C; AC = line A C; E = intersection l1 AC; l2 = angle_bisector B C A; AB = line A B; F = intersection l2 AB; I = incenter A B C; BC = line B C; D = foot I BC; M = orthocenter A I F; N = orthocenter A I E; EM = line E M; FN = line F N; P = intersection EM FN; X = midpoint B C; IP = line I P; l3 = perpendicular_line X IP; AD = line A D; Y = intersection AD l3; L = midpoint X Y; Prove: collinear L A I
2023IranGOAp5	6.3	A B C = triangle; M = midpoint A C; N = midpoint A B; BC = line B C; D = foot A BC; O = circumcenter A B C; (BOC) = circumcircle B O C; (DMN) = circumcircle D M N; R = intersection (BOC) (DMN); T = intersection (BOC) (DMN); DT = line D T; MN = line M N; E = intersection DT MN; DR = line D R; F = intersection DR MN; CT = line C T; BR = line B R; K = intersection CT BR; l1 = perpendicular_bisector B C; KD = line K D; X = intersection l1 KD; (BCX) = circumcircle B C X; P = intersection KD (BCX); O3 = circumcenter A R T; O4 = circumcenter P E F; O3O4 = line O3 O4; (O4) = circle_center_point O4 P; A1 = intersection O3O4 (O4); Prove: midpoint O4 A A1
2023IranGOMp4	4.2	A B C = triangle; H = orthocenter A B C; O = circumcenter A B C; P = midarc_no B C A; Q = parallelogram H A P; S = parallelogram A C Q; T = midpoint A Q; QS = line Q S; BP = line B P; R = intersection QS BP; AB = line A B; HS = line H S; X = intersection AB HS; Prove: collinear X T R
2023IranTSTp6	5.0	A B C = triangle; H = orthocenter A B C; BC = line B C; H1 = reflect_point_wrt_line H BC; BH = line B H; C1 = reflect_point_wrt_line C BH; CH = line C H; B1 = reflect_point_wrt_line B CH; ω1 = angle_equal2 H B B1 C H1; ω2 = angle_equal2 H C C1 B H1; P = intersection ω1 ω2; X = reflect_point_wrt_line P BH; Y = reflect_point_wrt_line P CH; S = circumcenter A X Y; Prove: equal_angle B A S P A C
2023KoMaLA840	3.1	A B C = triangle; I = incenter A B C; BC = line B C; X = foot I BC; AC = line A C; Y = foot I AC; AB = line A B; Z = foot I AB; YZ = line Y Z; X1 = foot X YZ; XZ = line X Z; Y1 = foot Y XZ; X1Y1 = line X1 Y1; (ABC) = circle A B C; P = intersection X1Y1 (ABC); Q = intersection X1Y1 (ABC); Prove: concyclic X Y P Q
2023KoMaLA844	3.0	A B C = triangle; I = incenter A B C; BC = line B C; D = foot I BC; AC = line A C; E = foot I AC; AB = line A B; F = foot I AB; DF = line D F; E1 = reflect_point_wrt_line E DF; DE = line D E; F1 = reflect_point_wrt_line F DE; EF = line E F; O1 = circumcenter A E1 F1; (O1) = circle_center_point O1 A; X Y = intersection EF (O1); Prove: cong D X D Y
2023KoMaLA855	4.7	A B C = triangle; AB = line A B; (B,BC) = circle_center_radius B B C; M = intersection AB (B,BC); AC = line A C; (C,BC) = circle_center_radius C B C; N = intersection AC (C,BC); I = incenter A B C; O = circumcenter A B C; D = incenter A M N; E = circumcenter A M N; IO = line I O; DE = line D E; X = intersection IO DE; Prove: concyclic X A B C
2023MOSTMockp2	5.2	A1 A3 A5 = triangle; A4 = point; A6 = point; l1 = angle_equal1 A4 A6 A5 A1 A3; l2 = angle_equal1 A6 A4 A5 A3 A1; A2 = intersection l1 l2; A1A3 = line A1 A3; A2A6 = line A2 A6; X1 = intersection A1A3 A2A6; A2A4 = line A2 A4; X2 = intersection A1A3 A2A4; A3A5 = line A3 A5; X3 = intersection A2A4 A3A5; A4A6 = line A4 A6; X4 = intersection A3A5 A4A6; A1A5 = line A1 A5; X5 = intersection A1A5 A4A6; X6 = intersection A1A5 A2A6; O1 = circumcenter A1 X1 A2; O2 = circumcenter A2 X2 A3; O3 = circumcenter A3 X3 A4; O4 = circumcenter A4 X4 A5; O5 = circumcenter A5 X5 A6; O6 = circumcenter A6 X6 A1; O1O4 = line O1 O4; O2O5 = line O2 O5; K = intersection O1O4 O2O5; Prove: collinear K O3 O6
2023PKUSummerp3	5.7	A B C = triangle; l1 = perpendicular_bisector A C; BC = line B C; D = intersection l1 BC; AB = line A B; E = intersection l1 AB; DE = line D E; F = reflect_point_wrt_line B DE; l2 = perpendicular_bisector A B; J = intersection l2 BC; AC = line A C; K = intersection l2 AC; JK = line J K; L = reflect_point_wrt_line C JK; BL = line B L; CF = line C F; N = intersection BL CF; O1 = circumcenter B J L; (O1) = circle_center_point O1 B; JN = line J N; R = intersection (O1) JN; O2 = circumcenter C D F; (O2) = circle_center_point O2 C; DN = line D N; Q = intersection (O2) DN; l3 = parallel_line N BC; EK = line E K; P = intersection l3 EK; FL = line F L; M = intersection FL BC; O = circumcenter A B C; QR = line Q R; MP = line M P; X = intersection QR MP; OX = line O X; Prove: parallel OX BC
2023PlanetCupp10	6.5	A B C = obtuse_triangle; G M1 M2 M3 = centroid A B C; O = circumcenter A B C; Ni = circumcenter M1 M2 M3; (O) = circle_center_point O A; (Ni) = circle_center_point Ni M1; P Q = intersection (O) (Ni); PG = line P G; BC = line B C; X = intersection PG BC; QG = line Q G; Y = intersection QG BC; PY = line P Y; AG = line A G; K = intersection PY AG; Prove: concyclic K A B C
2023PlanetCupp9	5.9	A B C = triangle; O = circumcenter A B C; H = orthocenter A B C; OH = line O H; AC = line A C; E = intersection OH AC; AB = line A B; F = intersection OH AB; O1 = circumcenter A H O; (O1) = circle_center_point O1 A; (O) = circle_center_point O A; K = intersection (O1) (O); KH = line K H; L = intersection KH (O); M = midpoint B C; HM = line H M; l1 = perpendicular_bisector E F; P = intersection HM l1; PL = line P L; BC = line B C; Q = intersection PL BC; Prove: cong Q H Q O
2023RMMSLG1	2.7	A B C = triangle; I = incenter A B C; O = circumcenter A B C; BC = line B C; D = foot I BC; AC = line A C; E = foot I AC; AB = line A B; F = foot I AB; O1 = circumcenter A D I; (O1) = circle_center_point O1 A; (O) = circle_center_point O A; P = intersection (O1) (O); EP = line E P; X = intersection EP (O); FP = line F P; Y = intersection FP (O); AI = line A I; BX = line B X; Z = intersection AI BX; Prove: collinear Z C Y
2023RMMSLG3	5.0	A B C = triangle; O = circumcenter A B C; (O) = circumcircle A B C; P = point; O1 = circumcenter A P B; O2 = circumcenter B P C; O3 = circumcenter C P A; O4 = circumcenter O1 O2 O3; (O1O2O3) = circle_center_point O4 O1; X Y = intersection (O) (O1O2O3); XY = line X Y; Q = reflect_point_wrt_line P XY; Prove: equal_angle B A P Q A C
2023SAGFp2	4.2	A B C = acute_triangle; U = circumcenter A B C; (ABC) = circle_center_point U A; l = perpendicular_bisector B C; O = on_line l; BC = line B C; l1 = parallel_line O BC; AB = line A B; D = intersection l1 AB; AO = line A O; A1 = intersection AO (ABC); O1 = circumcenter C O D; (CDO) = circle_center_point O1 O; P = intersection AO (CDO); M = midpoint B C; O2 = circumcenter M A A1; (AA1M) = circle_center_point O2 M; L = intersection (AA1M) BC; AL = line A L; K = intersection AL (ABC); Prove: equal_angle A P K M A1 A
2023SAGFp3	4.8	A B C = triangle; l = angle_bisector B A C; P = on_line l; BP = line B P; AC = line A C; E = intersection BP AC; CP = line C P; AB = line A B; D = intersection CP AB; O1 = circumcenter A B C; O1A = line O1 A; l1 = perpendicular_line A O1A; BC = line B C; S = intersection l1 BC; O2 = circumcenter A D E; O2A = line O2 A; l2 = perpendicular_line A O2A; DE = line D E; T = intersection l2 DE; O3 = circumcenter C P E; O4 = circumcenter B D P; (CEP) = circle_center_point O3 P; (BDP) = circle_center_point O4 P; M = intersection (CEP) (BDP); Prove: concyclic A M S T
2023SAGFp8	5.9	A B C = triangle; O = circumcenter A B C; D = midarc_no B C A; E = midarc_no C A B; F = midarc_no A B C; R = reflect D O; S = reflect E O; T = reflect F O; BC = line B C; CA = line C A; AB = line A B; D1 = reflect_point_wrt_line D BC; E1 = reflect_point_wrt_line E CA; F1 = reflect_point_wrt_line F AB; R1 = reflect_point_wrt_line R BC; S1 = reflect_point_wrt_line S CA; T1 = reflect_point_wrt_line T AB; H1 = orthocenter D1 E1 F1; O1 = circumcenter R1 S1 T1; H = orthocenter A B C; HO = line H O; H1O1 = line H1 O1; Prove: parallel HO H1O1
2023SerbiaMOp6	4.2	A B C = triangle; I = incenter A B C; O = circumcenter A B C; BC = line B C; D = foot I BC; AB = line A B; AI = line A I; l1 = perpendicular_line I AI; E = intersection AB l1; AC = line A C; F = intersection AC l1; O1 = circumcenter A E F; (O1) = circle_center_point O1 A; (O) = circle_center_point O A; G = intersection (O1) (O); AI = line A I; H = intersection (O1) AI; OG = line O G; l2 = perpendicular_line G OG; J = intersection l2 BC; AJ = line A J; K = intersection AJ (O); O3 = circumcenter D J K; O4 = circumcenter G I H; (GIH) = circle_center_point O4 I; (DJK) = circle_center_point O3 D; T = intersection (GIH) (DJK); Prove: collinear T O4 O3
2023SpFMOp5	5.4	A B C = triangle; O = circumcenter A B C; l1 = perpendicular_bisector B C; (O) = circle_center_point O A; S = intersection l1 (O); N = intersection l1 (O); M1 = midpoint B C; D = reflect_point_wrt_point M1 O; M3 = midpoint A B; M2 = midpoint A C; (D,A) = circle_center_point D A; M2M3 = line M2 M3; X = intersection (D,A) M2M3; Y = intersection (D,A) M2M3; Ni = circumcenter M1 M2 M3; I = incenter A B C; BC = line B C; D1 = foot I BC; (I) = circle_center_point I D1; (Ni) = circle_center_point Ni M1; Fe = intersection (I) (Ni); Ia = excenter A B C; P = foot Ia BC; Prove: concyclic X Fe Y P
2023TurkeyTSTp5	4.5	A B C = triangle; O = circumcenter A B C; I = incenter A B C; H = orthocenter A B C; l1 = perpendicular_bisector O I; IH = line I H; l2 = perpendicular_line I IH; O1 = intersection l1 l2; l3 = perpendicular_bisector H I; IO = line I O; l4 = perpendicular_line I IO; O2 = intersection l3 l4; (O1) = circle_center_point O1 O; (O2) = circle_center_point O2 H; M = intersection (O1) (O2); Prove: concyclic M A B C
2023USAMOp1	1.7	A B C = acute_triangle; M = midpoint B C; AM = line A M; P = foot C AM; (ABP) = circle A B P; BC = line B C; Q = intersection (ABP) BC; N = midpoint A Q; Prove: cong B N C N
2023USAMOp6	4.5	A B C = triangle; I = incenter A B C; Ia = excenter A B C; Ib = excenter B C A; Ic = excenter C A B; O = circumcenter A B C; (ABC) = circle_center_point O A; D = on_circle (ABC); O1 = circumcenter D I Ia; O2 = circumcenter D Ib Ic; (DIIa) = circle_center_point O1 D; (DIbIc) = circle_center_point O2 D; F = intersection (DIIa) (DIbIc); DF = line D F; BC = line B C; E = intersection DF BC; Prove: equal_angle B A D E A C
2023VietnamTSTp3	4.7	A B C = triangle; O = circumcenter A B C; AC = line A C; E = foot B AC; AB = line A B; F = foot C AB; BE = line B E; CF = line C F; H = intersection BE CF; M = midpoint A H; EF = line E F; K = foot H EF; (O) = circle_center_point O A; P = on_circle (O); BC = line B C; l1 = parallel_line P BC; Q = intersection (O) l1; O1 = circumcenter C Q E; O2 = circumcenter B P F; O1E = line O1 E; l2 = perpendicular_line E O1E; O2F = line O2 F; l3 = perpendicular_line F O2F; X = intersection l2 l3; Prove: collinear X M K
2024ARMOg10p6	3.5	A B C D = parallelogram; O = circumcenter A B C; M = midarc A B C; AD = line A D; (M,D) = circle_center_point M D; E = intersection AD (M,D); CD = line C D; F = intersection CD (M,D); Prove: concyclic B M E F
2024ARMOg9p4	4.1	A B C = triangle; (ABC) = circumcircle A B C; AB = line A B; l1 = perpendicular_line C AB; D = intersection (ABC) l1; AC = line A C; BD = line B D; E = intersection AC BD; (A) = circle_center_radius A C E; Z = intersection AC (A); (D) = circle_center_radius D B E; DB = line D B; T = intersection DB (D); AB = line A B; ZT = line Z T; X = intersection AB ZT; CD = line C D; Y = intersection CD ZT; O1 = circumcenter E Z T; E1 = reflect_point_wrt_point E O1; Prove: cong E E1 X Y
2024ARMOg9p6	3.0	A B C = acute_triangle; H = orthocenter A B C; O = circumcenter A B C; (O) = circle_center_point O A; HO = line H O; O1 = circumcenter B C H; (O1) = circle_center_point O1 B; X = intersection HO (O1); O2 = circumcenter A O X; (O2) = circle_center_point O2 A; Y = intersection (O2) (O); XY = line X Y; BC = line B C; M = midpoint B C; Prove: collinear M X Y
2024AsiaPacificMOp1	1.7	A B C = acute_triangle; AB = line A B; D = on_line AB; BC = line B C; l1 = parallel_line D BC; AC = line A C; E = intersection AC l1; X = point; DX = line D X; P = intersection DX BC; EX = line E X; Q = intersection EX BC; (BQX) = circle B Q X; (CPX) = circle C P X; Y = intersection (BQX) (CPX); Prove: collinear A X Y
2024AsiaPacificMOp5	4.1	A B C = triangle; (ABC) = circle A B C; D = on_circle (ABC); l = line; BC = line B C; R = intersection l BC; AD = line A D; S = intersection l AD; CD = line C D; Q = intersection l CD; AB = line A B; P = intersection l AB; O1 = circumcenter C Q R; (CQR) = circle_center_point O1 Q; O2 = circumcenter D Q S; (DQS) = circle_center_point O2 Q; N = intersection (CQR) (DQS); O3 = circumcenter A P S; (APS) = circle_center_point O3 P; O4 = circumcenter B P R; (BPR) = circle_center_point O4 P; M = intersection (APS) (BPR); MP = line M P; NQ = line N Q; X = intersection MP NQ; K = intersection AB CD; L = intersection BC AD; KL = line K L; Prove: collinear X K L
2024BalkanMOp1	2.0	A B C = acute_triangle; l1 = angle_bisector C A B; BC = line B C; D = intersection l1 BC; AB = line A B; A1 = reflect_point_wrt_line A BC; A1B = line A1 B; AC = line A C; E = intersection A1B AC; A1C = line A1 C; F = intersection AB A1C; l = line_through D; G = intersection l AC; H = intersection l AB; O1 = circumcenter D E G; O2 = circumcenter D F H; Prove: collinear O1 O2 D
2024EGMOp2	2.2	A B C = triangle; I = incenter A B C; BC = line B C; CA = line C A; AB = line A B; D = foot I BC; E = foot I CA; F = foot I AB; (I) = circle_center_point I D; X = on_circle (I); ω1 = angle_equal2 D C B X D; Y = intersection ω1 (I); XY = line X Y; K = intersection XY BC; O = circumcenter A B C; (O) = circle_center_point O A; T T1 = tangent_point K (O); TD = line T D; AI = line A I; U = intersection TD AI; Prove: concyclic A B C U
2024ELMOSLp1	3.0	A B C D = quadrilateral; AC = line A C; BD = line B D; E = intersection AC BD; AB = line A B; (ADE) = circle A D E; P = intersection AB (ADE); (BCE) = circle B C E; Q = intersection AB (BCE); AD = line A D; (ACP) = circle A C P; R = intersection AD (ACP); BC = line B C; (BDQ) = circle B D Q; S = intersection BC (BDQ); Prove: concyclic A B R S
2024ELMOSLp4	5.1	T1 T2 T3 = triangle; I = circumcenter T1 T2 T3; (I) = circle_center_point I T1; T4 = on_circle (I); IT1 = line I T1; IT2 = line I T2; IT3 = line I T3; IT4 = line I T4; l1 = perpendicular_line T1 IT1; l2 = perpendicular_line T2 IT2; A = intersection l1 l2; l3 = perpendicular_line T3 IT3; B = intersection l2 l3; l4 = perpendicular_line T4 IT4; C = intersection l3 l4; D = intersection l1 l4; AB = line A B; W = on_line AB; BC = line B C; (B,W) = circle_center_point B W; X = intersection BC (B,W); CD = line C D; (C,X) = circle_center_point C X; Y = intersection CD (C,X); AD = line A D; (D,Y) = circle_center_point D Y; Z = intersection AD (D,Y); AC = line A C; BD = line B D; T = intersection AC BD; WY = line W Y; XZ = line X Z; L = intersection WY XZ; l5 = perpendicular_line Z AD; l6 = perpendicular_line W AB; l7 = perpendicular_line X BC; l8 = perpendicular_line Y CD; Oa = intersection l5 l6; Ob = intersection l6 l7; Oc = intersection l7 l8; Od = intersection l5 l8; OaOc = line Oa Oc; ObOd = line Ob Od; G = intersection OaOc ObOd; IL = line I L; TG = line T G; Prove: parallel IL TG
2024IranTSTp2	4.1	A B X = right_isos_triangle A B X; C = reflect_point_wrt_point A X; M = midpoint B C; I = incenter A B C; BI = line B I; H = foot M BI; l1 = perpendicular_line M BI; AC = line A C; K = intersection l1 AC; IK = line I K; (ABC) = circle_center_point M A; F = intersection IK (ABC); FH = line F H; S = intersection FH (ABC); AB = line A B; D = foot I AB; SM = line S M; T = foot I SM; Prove: cong I T I D
2024KoMaLA857	3.1	A B C = acute_triangle; H = orthocenter A B C; AC = line A C; D = foot B AC; AB = line A B; E = foot C AB; F = midpoint A B; G = midpoint A C; DF = line D F; EG = line E G; X = intersection DF EG; O1 = circumcenter E F X; O2 = circumcenter D G X; M = midpoint O1 O2; Prove: collinear X H M
2024KoMaLA864	5.6	A B C = triangle; O = circumcenter A B C; I = incenter A B C; BC = line B C; D = foot I BC; AC = line A C; E = foot I AC; AB = line A B; F = foot I AB; M = midpoint A B; N = midpoint A C; DE = line D E; M1 = reflect_point_wrt_line M DE; DF = line D F; N1 = reflect_point_wrt_line N DF; CM1 = line C M1; H = intersection CM1 DE; BN1 = line B N1; J = intersection BN1 DF; Prove: collinear H J O
2024KoMaLA877	4.9	T1 T2 T3 = triangle; I = circumcenter T1 T2 T3; (I) = circle_center_point I T1; T4 = on_circle (I); IT1 = line I T1; IT2 = line I T2; IT3 = line I T3; IT4 = line I T4; l1 = perpendicular_line T1 IT1; l2 = perpendicular_line T2 IT2; A = intersection l1 l2; l3 = perpendicular_line T3 IT3; B = intersection l2 l3; l4 = perpendicular_line T4 IT4; C = intersection l3 l4; D = intersection l1 l4; AC = line A C; l5 = perpendicular_line I AC; T5 = intersection (I) l5; IT5 = line I T5; l6 = perpendicular_line T5 IT5; BD = line B D; P = intersection l6 BD; IP = line I P; T = reflect_point_wrt_line T5 IP; O = circumcenter A T C; Prove: collinear I O T
2024KoMaLA878	3.7	A = point; Oc = point; O = point; (Oc) = circle_center_point Oc A; (O) = circle_center_point O A; A = intersection (Oc) (O); X1 = on_circle (Oc); X2 = on_circle (Oc); AX1 = line A X1; Y1 = intersection AX1 (O); AX2 = line A X2; Y2 = intersection AX2 (O); P1 = on_circle (O); P2 = on_circle (O); P3 = on_circle (O); K11 = circumcenter X1 Y1 P1; K12 = circumcenter X1 Y1 P2; K13 = circumcenter X1 Y1 P3; K21 = circumcenter X2 Y2 P1; K22 = circumcenter X2 Y2 P2; K23 = circumcenter X2 Y2 P3; L1 = circumcenter O K11 K21; L2 = circumcenter O K12 K22; L3 = circumcenter O K13 K23; Prove: collinear L1 L2 L3
2024PlanetCupp10	5.9	A B C = triangle; BC = line B C; D = foot A BC; AC = line A C; E = foot B AC; AB = line A B; F = foot C AB; EF = line E F; DF = line D F; DE = line D E; D1 = foot D EF; E1 = foot E DF; F1 = foot F DE; N1 = circumcenter D E F; M = midpoint B C; E1F1 = line E1 F1; BC = line B C; J = intersection E1F1 BC; D1N1 = line D1 N1; K = intersection D1N1 BC; O = circumcenter A J K; AM = line A M; (O) = circle_center_point O A; T = intersection AM (O); EF = line E F; P = intersection AM EF; TK = line T K; AJ = line A J; Q = intersection TK AJ; PQ = line P Q; OM = line O M; Prove: perpendicular PQ OM
2024PolandMOp6	4.6	A B C = triangle; D = parallelogram A B C; M_ab = midpoint A B; M_cd = midpoint C D; (AB) = circle_center_point M_ab A; (CD) = circle_center_point M_cd C; X = intersection (AB) (CD); O = circumcenter A X C; (AXC) = circle_center_point O A; E = on_circle (AXC); F = reflect_point_wrt_point E O; O1 = circumcenter B X E; O2 = circumcenter D X F; (BXE) = circle_center_point O1 B; (DXF) = circle_center_point O2 D; K = intersection (BXE) (DXF); XK = line X K; l1 = perpendicular_line X XK; L = intersection (AXC) l1; Prove: cong A B K L
2024SAGFp6	4.2	A B C = triangle; AC = line A C; D = foot B AC; H = orthocenter A B C; M1 = midpoint B C; (BC) = circle_center_point M1 B; P = on_circle (BC); M1P = line M1 P; l1 = perpendicular_line P M1P; BD = line B D; Q = intersection l1 BD; BC = line B C; l2 = perpendicular_line P BC; AB = line A B; X = intersection AB l2; HP = line H P; QX = line Q X; R = intersection HP QX; AR = line A R; M2 = midpoint A H; (AH) = circle_center_point M2 A; U = intersection AR (AH); Prove: concyclic U P D Q
2024ShuZhiMiMOM0p3	6.3	B A C = isos_triangle; D = parallelogram A B C; AD = line A D; F = on_line AD; G = on_line AD; I1 = incenter A B F; I2 = incenter C D G; T1 = foot I1 AD; T2 = foot I2 AD; I1I2 = line I1 I2; T3 = reflect_point_wrt_line T1 I1I2; T4 = reflect_point_wrt_line T2 I1I2; T3T4 = line T3 T4; AB = line A B; H = intersection T3T4 AB; BF = line B F; I = intersection T3T4 BF; CG = line C G; J = intersection T3T4 CG; CD = line C D; K = intersection T3T4 CD; M1 = midpoint A I; M2 = midpoint H F; M3 = midpoint D J; M4 = midpoint K G; M5 = midpoint B J; M6 = midpoint C I; M1M2 = line M1 M2; M3M4 = line M3 M4; P = intersection M1M2 M3M4; Prove: collinear P M5 M6
2024ShuZhiMiMOM12p2	5.0	A B C = triangle; X = point; O = circumcenter A B C; AX = line A X; (O) = circle_center_point O A; X1 = intersection AX (O); BX = line B X; X2 = intersection BX (O); CX = line C X; X3 = intersection CX (O); l1 = angle_equal1 X1 X2 X3 X1 X; l2 = angle_equal1 X2 X1 X3 X2 X; Y = intersection l1 l2; O1 = circumcenter B X C; (O1) = circle_center_point O1 B; P = intersection AX (O1); YX = line Y X; Q = intersection YX (O1); PQ = line P Q; BC = line B C; R = intersection PQ BC; Prove: cong P R A R
2024ShuZhiMiMOM3p5	5.4	A B C = triangle; O = circumcenter A B C; M = midpoint B C; AM = line A M; (O) = circle_center_point O A; E = intersection AM (O); l1 = perpendicular_bisector B C; N = intersection l1 (O); NE = line N E; BC = line B C; L = intersection NE BC; AB = line A B; CN = line C N; S = intersection AB CN; MN = line M N; T = intersection AB MN; O2 = circumcenter B L T; (BN) = circle_diameter B N; (O2) = circle_center_point O2 B; U = intersection (BN) (O2); MS = line M S; LT = line L T; V = intersection MS LT; O3 = circumcenter C L V; O4 = circumcenter N T U; (O3) = circle_center_point O3 C; (O4) = circle_center_point O4 N; K = intersection (O3) (O4); Prove: collinear K O3 O4
2024ShuZhiMiMOM4p6	6.0	A B C = triangle; I = incenter A B C; AC = line A C; AB = line A B; F = foot I AB; E = foot I AC; O = circumcenter A B C; EF = line E F; (O) = circle_center_point O A; P = intersection EF (O); Q = intersection EF (O); O1 = circumcenter I P Q; BI = line B I; (O1) = circle_center_point O1 I; L = intersection BI (O1); CI = line C I; K = intersection CI (O1); AI = line A I; l1 = perpendicular_line A AI; N = intersection l1 (O); H = orthocenter A B C; OH = line O H; M = intersection l1 OH; Prove: concyclic K L M N
2024TurkeyMO2ndRp2	4.2	A B C = triangle; H = orthocenter A B C; BC = line B C; AC = line A C; AB = line A B; D = foot A BC; E = foot B AC; F = foot C AB; O1 = circumcenter D E F; O1D = line O1 D; O2 = on_line O1D; (O2) = circle_center_point O2 D; EF = line E F; P = intersection (O2) EF; Q = intersection (O2) EF; O3 = circumcenter B H C; PH = line P H; (O3) = circle_center_point O3 B; R = intersection PH (O3); QH = line Q H; S = intersection QH (O3); l1 = perpendicular_line A EF; T = intersection BC l1; Prove: concyclic R S D T
2024TurkeyTSTp5	5.1	A B C = triangle; O = circumcenter A B C; H = orthocenter A B C; G M1 M2 M3 = centroid A B C; AB = line A B; BC = line B C; AC = line A C; OA = line O A; l1 = perpendicular_line H OA; Ab = intersection AB l1; Ac = intersection AC l1; Oa = circumcenter A Ab Ac; OB = line O B; l2 = perpendicular_line H OB; Bc = intersection BC l2; Ba = intersection AB l2; Ob = circumcenter B Bc Ba; OC = line O C; l3 = perpendicular_line H OC; Ca = intersection AC l3; CB = line C B; Cb = intersection BC l3; Oc = circumcenter C Ca Cb; G1 N1 N2 N3 = centroid Oa Ob Oc; Prove: collinear G1 H G
2024TurkeyTSTp9	5.9	A B C = triangle; I = incenter A B C; O = circumcenter A B C; IO = line I O; BC = line B C; D = intersection IO BC; AC = line A C; E = intersection IO AC; AB = line A B; F = intersection IO AB; BE = line B E; CF = line C F; A1 = intersection BE CF; AD = line A D; B1 = intersection CF AD; C1 = intersection AD BE; X = foot I BC; Y = foot I AC; Z = foot I AB; XA1 = line X A1; A2 = intersection XA1 IO; YB1 = line Y B1; B2 = intersection YB1 IO; ZC1 = line Z C1; C2 = intersection ZC1 IO; (AA2) = circle_diameter A A2; (BB2) = circle_diameter B B2; K = intersection (AA2) (BB2); CK = line C K; C2K = line C2 K; Prove: perpendicular CK C2K
2024USATSTSTp4	2.7	A B C = triangle; O = circumcenter A B C; (ABC) = circle A B C; D = on_circle (ABC); AC = line A C; BD = line B D; E = intersection AC BD; O1 = circumcenter A D E; O1A = line O1 A; l1 = perpendicular_line A O1A; O2 = circumcenter B C E; O2C = line O2 C; l2 = perpendicular_line C O2C; P = intersection l1 l2; O1D = line O1 D; l3 = perpendicular_line D O1D; O2B = line O2 B; l4 = perpendicular_line B O2B; Q = intersection l3 l4; Prove: cong O P O Q
2024VietnamTSTp3	5.7	A B C = triangle; I = incenter A B C; BC = line B C; AC = line A C; AB = line A B; D = foot I BC; E = foot I AC; F = foot I AB; X = foot A BC; Y = foot B AC; Z = foot C AB; EF = line E F; FD = line F D; DE = line D E; A1 = reflect_point_wrt_line X EF; B1 = reflect_point_wrt_line Y FD; C1 = reflect_point_wrt_line Z DE; Prove: similar A B C A1 B1 C1
2024VietnamTSTp5	5.8	A B C = triangle; I = incenter A B C; BC = line B C; AC = line A C; AB = line A B; D = foot I BC; E = foot I AC; F = foot I AB; O = circumcenter A B C; EF = line E F; (O) = circle_center_point O A; M = intersection EF (O); OM = line O M; OA = line O A; l1 = perpendicular_line M OM; l2 = perpendicular_line A OA; S = intersection l1 l2; OB = line O B; OC = line O C; l3 = perpendicular_line B OB; l4 = perpendicular_line C OC; T = intersection l3 l4; TI = line T I; J = intersection TI OA; Prove: equal_angle A S J I S T
2025CTSTp8	6.3	A1 A2 A3 A4 = quadrilateral; O1 = circumcenter A4 A1 A2; O2 = circumcenter A1 A2 A3; O3 = circumcenter A2 A3 A4; O4 = circumcenter A3 A4 A1; M1 = midpoint A1 A3; M2 = midpoint A2 A4; O1A1 = line O1 A1; O2A2 = line O2 A2; O3A3 = line O3 A3; O4A4 = line O4 A4; l1 = perpendicular_line A1 O1A1; l2 = perpendicular_line A2 O2A2; l3 = perpendicular_line A3 O3A3; l4 = perpendicular_line A4 O4A4; m1 = angle_equal1 A3 A2 A4 A3 M2; m2 = angle_equal1 A4 A3 A1 A4 M1; m3 = angle_equal1 A1 A4 A2 A1 M2; m4 = angle_equal1 A2 A1 A3 A2 M1; B1 = intersection l1 m1; B2 = intersection l2 m2; B3 = intersection l3 m3; B4 = intersection l4 m4; A1A2 = line A1 A2; B1B2 = line B1 B2; C1 = intersection A1A2 B1B2; A2A3 = line A2 A3; B2B3 = line B2 B3; C2 = intersection A2A3 B2B3; A3A4 = line A3 A4; B3B4 = line B3 B4; C3 = intersection A3A4 B3B4; Prove: collinear C1 C2 C3
2025IranTSTp12	4.3	A B C = triangle; AC = line A C; Y = on_line AC; BC = line B C; l1 = perpendicular_line Y BC; X = intersection BC l1; N M1 M2 M3 = ninepointcenter A B C; Z = reflect_point_wrt_point X M1; T = reflect_point_wrt_point Y M2; O = circumcenter A B C; ZT = line Z T; (O,X) = circle_center_point O X; P = intersection ZT (O,X); M4 = midpoint X P; Prove: concyclic M4 M1 M2 M3
2025KoeraFinalRoundp3	5.8	A B C = triangle; I = incenter A B C; BC = line B C; AC = line A C; AB = line A B; D = foot I BC; E = foot I AC; F = foot I AB; AD = line A D; BE = line B E; P = intersection AD BE; O1 = circumcenter D I P; O2 = circumcenter E I P; O3 = circumcenter F I P; O1D = line O1 D; l1 = perpendicular_line D O1D; O2E = line O2 E; l2 = perpendicular_line E O2E; Q = intersection l1 l2; QF = line Q F; O3F = line O3 F; Prove: perpendicular QF O3F
2025ShuZhiMiMOM3p5	5.5	A B C = triangle; O = circumcenter A B C; M1 = midpoint B C; M2 = midpoint A C; M3 = midpoint A B; N = circumcenter M1 M2 M3; OB = line O B; OC = line O C; l1 = perpendicular_line B OB; l2 = perpendicular_line C OC; P = intersection l1 l2; (N) = circle_center_point N M1; l3 = perpendicular_bisector B C; Q = intersection (N) l3; BC = line B C; O1 = reflect_point_wrt_line O BC; (O1) = circle_center_point O1 B; D E = intersection (O1) (N); l4 = angle_equal1 A C B A D; l5 = angle_equal1 B C A B D; F = intersection l4 l5; Prove: concyclic E F P Q
2025VietnamTSTp2	6.6	A B C = triangle; H = orthocenter A B C; BC = line B C; AC = line A C; AB = line A B; D = reflect_point_wrt_line H BC; E = reflect_point_wrt_line H AC; F = reflect_point_wrt_line H AB; A1 = reflect_point_wrt_line A BC; B1 = reflect_point_wrt_line B AC; C1 = reflect_point_wrt_line C AB; S = circumcenter A1 B1 C1; H1 = orthocenter D E F; B1C1 = line B1 C1; C1A1 = line C1 A1; A1B1 = line A1 B1; P1 = foot H B1C1; P2 = foot H C1A1; P3 = foot H A1B1; J = circumcenter P1 P2 P3; HJ = line H J; H1S = line H1 S; Prove: parallel HJ H1S
2025XinXingSpringMOp5	6.0	A B C = triangle; O = circumcenter A B C; H = orthocenter A B C; AO = line A O; l1 = parallel_line H AO; AC = line A C; E = intersection l1 AC; AB = line A B; F = intersection l1 AB; O1 = circumcenter A E F; (O) = circle_center_point O A; (O1) = circle_center_point O1 A; G = intersection (O) (O1); AG = line A G; BC = line B C; J = intersection AG BC; H1 = orthocenter A E F; (H) = circle_center_point H A; K = intersection (O1) (H); L = reflect_point_wrt_point A O1; HH1 = line H H1; X = intersection AG HH1; LX = line L X; JK = line J K; Y = intersection LX JK; Prove: concyclic Y A E F
2ndFNGOp9	6.7	A B C = triangle; (ABC) = circle A B C; E = on_circle (ABC); F = on_circle (ABC); AE = line A E; A1 = on_line AE; AF = line A F; A2 = reflect_point_wrt_line A1 AF; BE = line B E; (B) = circle_center_radius B A A1; B1 = intersection BE (B); BF = line B F; B2 = reflect_point_wrt_line B1 BF; CE = line C E; (C) = circle_center_radius C A A1; C1 = intersection CE (C); CF = line C F; C2 = reflect_point_wrt_line C1 CF; (A1B1C1) = circumcircle A1 B1 C1; (A2B2C2) = circumcircle A2 B2 C2; X Y = intersection (A1B1C1) (A2B2C2); I = incenter A B C; Prove: collinear X Y I
JCGV2p2(2023ShuZhiMiMOM9p2)	5.8	A B C = triangle; O = circumcenter A B C; P = point; (O) = circle_center_point O A; AP = line A P; X = intersection (O) AP; BP = line B P; Y = intersection (O) BP; CP = line C P; Z = intersection (O) CP; YZ = line Y Z; AB = line A B; W = intersection YZ AB; AC = line A C; V = intersection YZ AC; XZ = line X Z; BC = line B C; S = intersection XZ BC; R = intersection XZ AB; XY = line X Y; U = intersection XY AC; T = intersection XY BC; O1 = circumcenter Z R W; (O1) = circle_center_point O1 Z; M = intersection (O1) (O); O2 = circumcenter X S T; (O2) = circle_center_point O2 X; N = intersection (O2) (O); O3 = circumcenter Y U V; (O3) = circle_center_point O3 Y; Q = intersection (O3) (O); AN = line A N; BQ = line B Q; K = intersection AN BQ; Prove: collinear K C M
MouseMOp3	6.4	A B C = triangle; D1 = equilateral_triangle B C; E1 = equilateral_triangle C A; F1 = equilateral_triangle A B; AD1 = line A D1; BE1 = line B E1; X1 = intersection AD1 BE1; D2 = equilateral_triangle C B; E2 = equilateral_triangle A C; F2 = equilateral_triangle B A; AD2 = line A D2; BE2 = line B E2; X2 = intersection AD2 BE2; O1 = circumcenter A X1 X2; (O1) = circle_center_point O1 A; S = on_circle (O1); O2 = circumcenter B S C; AS = line A S; (O2) = circle_center_point O2 B; T = intersection AS (O2); O = circumcenter A B C; H = orthocenter A B C; H1 = orthocenter T B C; OH = line O H; O2H1 = line O2 H1; Prove: parallel OH O2H1
ShuZhiMi2023SpFp8	6.5	A B C = triangle; O = circumcenter A B C; I = incenter A B C; H = orthocenter A B C; J = excenter A B C; BC = line B C; A1 = reflect_point_wrt_line A BC; O1 = circumcenter B O C; AO = line A O; (O1) = circle_center_point O1 B; A2 = intersection AO (O1); OI = line O I; JA1 = line J A1; R = intersection OI JA1; IH = line I H; JA2 = line J A2; Q = intersection IH JA2; O2 = circumcenter A O H; O2A = line O2 A; l1 = perpendicular_line A O2A; (O) = circle_center_point O A; P = intersection l1 (O); Prove: collinear Q P R
ShuZhiMi2024SpFp19	5.1	A B C = triangle; O = circumcenter A B C; BC = line B C; AC = line A C; AB = line A B; I = incenter A B C; D = foot A BC; E = foot B AC; F = foot C AB; I1 = incenter A E F; I2 = incenter B F D; I3 = incenter C D E; D2 = foot I2 BC; D3 = foot I3 BC; E1 = foot I1 AC; E3 = foot I3 AC; I2I3 = line I2 I3; P2 = reflect_point_wrt_line D2 I2I3; P3 = reflect_point_wrt_line D3 I2I3; I1I3 = line I1 I3; Q1 = reflect_point_wrt_line E1 I1I3; Q3 = reflect_point_wrt_line E3 I1I3; P3P2 = line P3 P2; Q1Q3 = line Q1 Q3; X = intersection P3P2 Q1Q3; Prove: collinear X I O
ShuZhiMiGeo109	5.5	A B C = triangle; I = incenter A B C; Ia = excenter A B C; Ib = excenter B C A; Ic = excenter C A B; Be = circumcenter Ia Ib Ic; BC = line B C; AC = line A C; AB = line A B; l1 = parallel_line I BC; (IBe) = circle_diameter I Be; D = intersection l1 (IBe); l2 = parallel_line I AC; E = intersection l2 (IBe); l3 = parallel_line I AB; F = intersection l3 (IBe); D1 = foot Ia BC; E1 = foot Ib AC; AD1 = line A D1; BE1 = line B E1; N1 = intersection AD1 BE1; Prove: equal_angle D E N1 N1 E F
ShuZhiMiGeo117	6.4	A B C = triangle; O = circumcenter A B C; I = incenter A B C; Ia = excenter A B C; BI = line B I; AC = line A C; E = intersection BI AC; CI = line C I; AB = line A B; F = intersection CI AB; l1 = angle_equal1 F E Ia F I; l2 = angle_equal1 E F Ia E I; K = intersection l1 l2; EF = line E F; X = foot K EF; M = midpoint K X; Prove: collinear M O I
ShuZhiMiGeo128	6.4	A B C = triangle; P = point; AP = line A P; BC = line B C; D = intersection AP BC; BP = line B P; AC = line A C; E = intersection BP AC; CP = line C P; AB = line A B; F = intersection CP AB; O1 = circumcenter A E F; O2 = circumcenter B D F; (O1) = circle_center_point O1 A; (O2) = circle_center_point O2 B; Q = intersection (O1) (O2); PQ = line P Q; R = on_line PQ; AR = line A R; J = intersection AR (O1); BR = line B R; K = intersection BR (O2); O3 = circumcenter C D E; CR = line C R; (O3) = circle_center_point O3 C; L = intersection CR (O3); Oa = circumcenter A J D; Ob = circumcenter B K E; (Oa) = circle_center_point Oa A; (Ob) = circle_center_point Ob B; T = intersection (Oa) (Ob); Prove: concyclic T C L F
ShuZhiMiGeo178	6.1	A B C = triangle; H = orthocenter A B C; M1 = midpoint B C; M2 = midpoint C A; M3 = midpoint A B; V = circumcenter M1 M2 M3; O1 = circumcenter A V H; O2 = circumcenter B V C; (O1) = circle_center_point O1 A; (O2) = circle_center_point O2 B; X = intersection (O1) (O2); O3 = circumcenter B V H; O4 = circumcenter C V A; (O3) = circle_center_point O3 B; (O4) = circle_center_point O4 C; Y = intersection (O3) (O4); O5 = circumcenter C V H; O6 = circumcenter A V B; (O5) = circle_center_point O5 C; (O6) = circle_center_point O6 A; Z = intersection (O5) (O6); AX = line A X; BY = line B Y; K = intersection AX BY; Prove: collinear K C Z
ShuZhiMiGeo180	5.3	A B C = triangle; I = incenter A B C; BC = line B C; AC = line A C; AB = line A B; O = circumcenter A B C; Ia = excenter A B C; D = foot Ia BC; Ib = excenter B C A; E = foot Ib AC; I_c = excenter C A B; F = foot I_c AB; U = on_line AC; Z = reflect_point_wrt_point U E; AB = line A B; (F) = circle_center_radius F E U; V = intersection AB (F); X = reflect_point_wrt_point V F; BC = line B C; (D) = circle_center_radius D E U; W = intersection BC (D); Y = reflect_point_wrt_point W D; O1 = circumcenter A U V; O2 = circumcenter B V W; O3 = circumcenter C W U; O4 = circumcenter A Z X; O5 = circumcenter B X Y; O6 = circumcenter C Y Z; Oa = circumcenter O1 O2 O3; Ob = circumcenter O4 O5 O6; (Oa) = circle_center_point Oa O1; (Ob) = circle_center_point Ob O4; T = intersection (Oa) (Ob); Prove: collinear I O T
ShuZhiMiGeo209	6.0	A B C = triangle; I = incenter A B C; BC = line B C; AI = line A I; D = intersection BC AI; CA = line C A; BI = line B I; E = intersection CA BI; AB = line A B; CI = line C I; F = intersection AB CI; X = foot A BC; Y = foot B CA; Z = foot C AB; P = orthocenter A E F; Q = orthocenter B F D; R = orthocenter C D E; K = incenter A Y Z; L = incenter B Z X; M = incenter C X Y; PK = line P K; QL = line Q L; T = intersection PK QL; Ni = circumcenter X Y Z; D1 = foot I BC; (I) = circle_center_point I D1; (Ni) = circle_center_point Ni X; Fe = intersection (I) (Ni); TFe = line T Fe; IFe = line I Fe; Prove: perpendicular TFe IFe
ShuZhiMiGeo256	6.5	A B C = triangle; O = circumcenter A B C; G M1 M2 M3 = centroid A B C; l1 = angle_equal1 A B C A G; l2 = angle_equal1 B A C B G; K = intersection l1 l2; Ma = midpoint O A; Mb = midpoint O B; Mc = midpoint O C; X = circumcenter M1 Mb Mc; Y = circumcenter M2 Ma Mc; Z = circumcenter M3 Ma Mb; I = incenter X Y Z; YZ = line Y Z; XZ = line X Z; D = foot I YZ; E = foot I XZ; XD = line X D; YE = line Y E; Ge = intersection XD YE; N = midpoint O K; Prove: midpoint Ge N K
ShuZhiMiGeo309	6.1	A B C = triangle; I = incenter A B C; I1 = excenter A B C; I2 = excenter B C A; I3 = excenter C A B; BC = line B C; AC = line C A; AB = line A B; A1 = foot I1 AB; A2 = foot I1 AC; B1 = foot I2 BC; B2 = foot I2 AB; C1 = foot I3 AC; C2 = foot I3 BC; B1B2 = line B1 B2; C1C2 = line C1 C2; D = intersection B1B2 C1C2; A1A2 = line A1 A2; E = intersection A1A2 C1C2; F = intersection A1A2 B1B2; O1 = circumcenter D E F; (O1) = circle_center_point O1 D; (I1) = circle_center_point I1 A1; X1 X2 = intersection (O1) (I1); (I2) = circle_center_point I2 B1; Y1 Y2 = intersection (O1) (I2); (I3) = circle_center_point I3 C1; Z1 Z2 = intersection (O1) (I3); Y1Y2 = line Y1 Y2; Z1Z2 = line Z1 Z2; X = intersection Y1Y2 Z1Z2; X1X2 = line X1 X2; Y = intersection X1X2 Z1Z2; Z = intersection X1X2 Y1Y2; O2 = circumcenter X Y Z; Prove: collinear I O1 O2
ShuZhiMiGeo352	5.7	A B C = triangle; O = circumcenter A B C; BC = line B C; AC = line A C; AB = line A B; H = orthocenter A B C; Ha = foot A BC; Hb = foot B AC; Hc = foot C AB; Gh N1 N2 N3 = centroid Ha Hb Hc; Mbc = midpoint B C; Ha1 = reflect_point_wrt_point Ha Mbc; Mac = midpoint A C; Hb1 = reflect_point_wrt_point Hb Mac; Mab = midpoint A B; Hc1 = reflect_point_wrt_point Hc Mab; H1 = orthocenter Ha1 Hb1 Hc1; H1O = line H1 O; GhH = line Gh H; Prove: parallel H1O GhH
ShuZhiMiGeo381	6.5	A B C = triangle; O = circumcenter A B C; G M1 M2 M3 = centroid A B C; l1 = angle_equal1 A B C A G; l2 = angle_equal1 B A C B G; K = intersection l1 l2; BC = line B C; A1 = reflect_point_wrt_line A BC; AC = line A C; B1 = reflect_point_wrt_line B AC; AB = line A B; C1 = reflect_point_wrt_line C AB; O1 = circumcenter A1 B1 C1; H1 = orthocenter A1 B1 C1; M = midpoint O O1; Prove: collinear H1 K M
ShuZhiMiGeo409	6.2	A B C = triangle; O = circumcenter A B C; H = orthocenter A B C; OH = line O H; AB = line A B; X = intersection OH AB; AC = line A C; Y = intersection OH AC; T = midpoint X Y; OB = line O B; l1 = parallel_line H OB; E = intersection l1 AC; OC = line O C; l2 = parallel_line H OC; F = intersection l2 AB; D = midpoint A H; EF = line E F; AT = line A T; S = intersection EF AT; OD = line O D; l3 = perpendicular_line O OD; HD = line H D; l4 = perpendicular_line H HD; S1 = intersection l3 l4; Prove: midpoint S D S1
ShuZhiMiGeo489	5.9	A B C = triangle; O = circumcenter A B C; I = incenter A B C; BC = line B C; AC = line A C; AB = line A B; D = foot I BC; E = foot I AC; F = foot I AB; EF = line E F; H = reflect_point_wrt_line D EF; OI = line O I; (O) = circle_center_point O A; M = intersection OI (O); T = intersection OI BC; AT = line A T; Q = intersection AT (O); O1 = circumcenter Q M H; MA = line M A; (O1) = circle_center_point O1 Q; Y = intersection MA (O1); Y1 = reflect_point_wrt_line Y EF; Prove: collinear Y1 B C
ShuZhiMiGeo635	5.0	A B C = triangle; I = incenter A B C; BC = line B C; AC = line A C; AB = line A B; D = foot I BC; E = foot I AC; F = foot I AB; AD = line A D; BE = line B E; K = intersection AD BE; O = circumcenter A B C; AK = line A K; (O) = circle_center_point O A; X = intersection AK (O); BK = line B K; Y = intersection BK (O); CK = line C K; Z = intersection CK (O); Oa = circumcenter Y K Z; Ob = circumcenter Z K X; Oc = circumcenter X K Y; G M1 M2 M3 = centroid Oa Ob Oc; Prove: collinear G I K
XinXingV28p2	5.1	A B C = triangle; O = circumcenter A B C; I = incenter A B C; BC = line B C; AC = line A C; AB = line A B; AI = line A I; (O) = circle_center_point O A; J1 = intersection AI (O); J = reflect_point_wrt_point J1 O; BI = line B I; K1 = intersection BI (O); K = reflect_point_wrt_point K1 O; CI = line C I; L1 = intersection CI (O); L = reflect_point_wrt_point L1 O; D = foot I BC; E = foot I AC; F = foot I AB; JD = line J D; X = intersection JD (O); KE = line K E; Y = intersection KE (O); LF = line L F; Z = intersection LF (O); O1 = circumcenter X E F; O2 = circumcenter Y F D; O3 = circumcenter Z D E; (O1) = circle_center_point O1 F; (O2) = circle_center_point O2 F; U = intersection (O1) (O2); (O3) = circle_center_point O3 E; V = intersection (O1) (O3); UF = line U F; VE = line V E; T = intersection UF VE; Prove: collinear T O I
XinXingV35p1	6.8	A B C = triangle; l1 = perpendicular_bisector B C; AC = line A C; Da = intersection l1 AC; AB = line A B; Ea = intersection l1 AB; Oa = circumcenter A Da Ea; Ha = orthocenter A Da Ea; l2 = perpendicular_bisector A C; BC = line B C; Db = intersection l2 BC; Eb = intersection l2 AB; Ob = circumcenter B Db Eb; Hb = orthocenter B Db Eb; l3 = perpendicular_bisector A B; Dc = intersection l3 BC; Ec = intersection l3 AC; Oc = circumcenter C Dc Ec; Hc = orthocenter C Dc Ec; OaHa = line Oa Ha; ObHb = line Ob Hb; V1 = intersection OaHa ObHb; OcHc = line Oc Hc; V2 = intersection ObHb OcHc; V3 = intersection OcHc OaHa; T = circumcenter V1 V2 V3; O = circumcenter A B C; H = orthocenter A B C; Prove: collinear T O H
